Mark,Competitor,Nat,Location,Discipline,Results Score
28:19.43,Aarón LAS HERAS,ESP,"Cougar Athletic Stadium, Azusa, CA (USA)",10000m,1102
13:16.68,Aarón LAS HERAS,ESP,"Boston Univ. Track & Tennis Center, Boston, MA (USA) (i)",5000m,1200
1:00:45,Abbabiya SIMBASSA,USA,"Houston, TX (USA)",HM,1156
2:12:21,Abbabiya SIMBASSA,USA,"Orlando, FL (USA)",M,1122
3:39.29,Abderrahman EL KHAYAMI,ESP,"Polideportivo Municipal, Andújar (ESP)",1500m,1116
8:27.83,Abderrahman EL KHAYAMI,ESP,"Polideportivo Zorrotza, Bilbao (ESP)",3000mSC,1132
1:01:43,Abderrazak CHARIK,FRA,Sevilla (ESP),HM,1118
2:08:42,Abderrazak CHARIK,FRA,Sevilla (ESP),M,1182
27:36.23,Abdessamad OUKHELFEN,ESP,"Parliament Hill Fields Athletics Track, London (GBR)",10000m,1169
13:21.87,Abdessamad OUKHELFEN,ESP,"Stade Raymond Troussier, Decines (FRA)",5000m,1131
1:00:21,Abdi NAGEEYE,NED,Den Haag (NED),HM,1172
2:04:45,Abdi NAGEEYE,NED,Rotterdam (NED),M,1249
27:17.28,Abdihamid NUR,USA,"JSerra Catholic HS, San Juan Capistrano, CA (USA)",10000m,1199
3:35.63,Abdihamid NUR,USA,"Jack Kemp Stadium, Los Angeles, CA (USA)",1500m,1166
13:03.17,Abdihamid NUR,USA,"Boston Univ. Track & Tennis Center, Boston, MA (USA) (i)",5000m,1251
3:34.37,Adam FOGG,GBR,"Armory Track&Field Center, New York, NY (USA) (i)",1500m,1237
13:25.19,Adam FOGG,GBR,"FBK Stadium, Hengelo (NED)",5000m,1119
3:33.21,Adel MECHAAL,ESP,"Bislett Stadion, Oslo (NOR)",1500m,1199
13:14.26,Adel MECHAAL,ESP,"Estadio Iberoamericano, Huelva (ESP)",5000m,1158
3:38.23,Adisu GIRMA,ETH,"Estadio Enrique Lopez Cuenca, Nerja (ESP)",1500m,1130
13:27.28,Adisu GIRMA,ETH,"Bungertstadion, Rehlingen (GER)",5000m,1112
26:55.54,Adriaan WILDSCHUTT,RSA,"JSerra Catholic HS, San Juan Capistrano, CA (USA)",10000m,1233
12:56.67,Adriaan WILDSCHUTT,RSA,"Bislett Stadion, Oslo (NOR)",5000m,1222
8:20.49,Ahmed JAZIRI,TUN,"Le Grand Stade, Marrakech (MAR)",3000mSC,1164
13:24.18,Ahmed JAZIRI,TUN,"Boston Univ. Track & Tennis Center, Boston, MA (USA) (i)",5000m,1172
3:37.36,Ahmed MUHUMED,USA,"Sportcentrum Wembley, Kortrijk (BEL)",1500m,1142
13:08.73,Ahmed MUHUMED,USA,"Drake Stadium, Los Angeles, CA (USA)",5000m,1178
1:01:54,Akihiro KANEKO,JPN,Osaka (JPN),HM,1111
2:10:59,Akihiro KANEKO,JPN,Gold Coast (AUS),M,1144
27:43.84,Akira AKASAKI,JPN,"Prefectural Shizuoka Stadium, Fukuroi (JPN)",10000m,1157
13:30.62,Akira AKASAKI,JPN,"Egao Kenko Stadium, Kumamoto (JPN)",5000m,1100
27:47.86,Alex Chesiro MASAI,KEN,"JSerra Catholic HS, San Juan Capistrano, CA (USA)",10000m,1151
13:18.96,Alex Chesiro MASAI,KEN,"Boston Univ. Track & Tennis Center, Boston, MA (USA) (i)",5000m,1191
1:01:46,Alex Chesiro MASAI,KEN,"Houston, TX (USA)",HM,1116
3:40.18,Alex Kipirech KIPCHIRCHIR,KEN,"Prefectural Stadium, Kumagaya (JPN)",1500m,1104
13:31.55,Alex Kipirech KIPCHIRCHIR,KEN,"Egao Kenko Stadium, Kumamoto (JPN)",5000m,1097
28:17.15,Alex MAIER,USA,"Cougar Athletic Stadium, Azusa, CA (USA)",10000m,1106
13:31.17,Alex MAIER,USA,"The Track at New Balance, Boston, MA (USA) (i)",5000m,1146
27:51.26,Alex PHILLIP,USA,"Cougar Athletic Stadium, Azusa, CA (USA)",10000m,1145
13:27.83,Alex PHILLIP,USA,"Boston Univ. Track & Tennis Center, Boston, MA (USA) (i)",5000m,1158
59:37,Alexander MUNYAO,KEN,Marugame (JPN),HM,1202
2:04:01,Alexander MUNYAO,KEN,London (GBR),M,1262
3:40.09,Alexis MIELLET,FRA,"Stade Jacques Forestier, Aix-les-Bains (FRA)",1500m,1105
8:14.01,Alexis MIELLET,FRA,"Stadio Olimpico, Roma (ITA)",3000mSC,1194
3:40.07,Ali MESSAOUDI,ALG,"Stade Léo Lagrange, Tergnier (FRA)",1500m,1106
8:29.82,Ali MESSAOUDI,ALG,"Parc Des Sports J. Olive, Martigues (FRA)",3000mSC,1123
1:00:28,Alphonce Felix SIMBU,TAN,Ras Al Khaimah (UAE),HM,1168
2:07:55,Alphonce Felix SIMBU,TAN,Daegu (KOR),M,1195
1:00:56,Amanal PETROS,GER,Lisboa (POR),HM,1149
2:06:05,Amanal PETROS,GER,Hannover (GER),M,1226
3:33.49,Amon KEMBOI,KEN,"Jack Kemp Stadium, Los Angeles, CA (USA)",1500m,1196
13:06.30,Amon KEMBOI,KEN,"Boston Univ. Track & Tennis Center, Boston, MA (USA) (i)",5000m,1239
13:16.52,Amos KURGAT,KEN,"Denka Big Swan Stadium, Niigata (JPN)",5000m,1150
59:42,Amos KURGAT,KEN,Berlin (GER),HM,1198
28:30.91,Amos Kipkurui LANGAT,KEN,"Nyayo National Stadium, Nairobi (KEN)",10000m,1085
13:12.44,Amos Kipkurui LANGAT,KEN,"Morton Stadium, Dublin (IRL)",5000m,1164
26:52.87,Andreas ALMGREN,SWE,"JSerra Catholic HS, San Juan Capistrano, CA (USA)",10000m,1238
3:35.22,Andreas ALMGREN,SWE,"Suhaim bin Hamad Stadium, Doha (QAT)",1500m,1172
12:50.94,Andreas ALMGREN,SWE,"Bislett Stadion, Oslo (NOR)",5000m,1243
59:23,Andreas ALMGREN,SWE,Barcelona (ESP),HM,1211
28:05.05,Andrew COLLEY,USA,"Hayward Field, Eugene, OR (USA)",10000m,1124
13:23.24,Andrew COLLEY,USA,"Lincoln HS, Portland, OR (USA)",5000m,1126
1:01:39,Andrew COLLEY,USA,"Houston, TX (USA)",HM,1121
3:32.68,Andrew COSCORAN,IRL,"Bislett Stadion, Oslo (NOR)",1500m,1207
13:12.56,Andrew COSCORAN,IRL,"Boston Univ. Track & Tennis Center, Boston, MA (USA) (i)",5000m,1215
27:38.87,Andrew HUNTER,USA,"JSerra Catholic HS, San Juan Capistrano, CA (USA)",10000m,1165
3:33.78,Andrew HUNTER,USA,"Jack Kemp Stadium, Los Angeles, CA (USA)",1500m,1192
13:08.57,Andrew HUNTER,USA,"Drake Stadium, Los Angeles, CA (USA)",5000m,1178
3:39.18,Andrew Kiptoo ALAMISI,KEN,"Campo di Atletica, Asti (ITA)",1500m,1117
13:05.55,Andrew Kiptoo ALAMISI,KEN,"Polisportivo Comunale, San Vito al Tagliamento (ITA)",5000m,1189
3:39.41,Anthony CAMERIERI,USA,"JSerra Catholic HS, San Juan Capistrano, CA (USA)",1500m,1114
13:23.61,Anthony CAMERIERI,USA,"Drake Stadium, Los Angeles, CA (USA)",5000m,1125
27:41.20,Anthony KIBE,KEN,"NITTAIDAI Athletic Stadium, Yokohama (JPN)",10000m,1161
13:13.10,Anthony KIBE,KEN,"Municipal Stadium, Kitami (JPN)",5000m,1162
27:08.94,Anthony ROTICH,USA,"JSerra Catholic HS, San Juan Capistrano, CA (USA)",10000m,1212
8:14.22,Anthony ROTICH,USA,"Stade Charléty, Paris (FRA)",3000mSC,1193
13:15.25,Anthony ROTICH,USA,"Drake Stadium, Los Angeles, CA (USA)",5000m,1154
28:28.75,Aoi ITO,JPN,"NITTAIDAI Athletic Stadium, Yokohama (JPN)",10000m,1088
1:01:16,Aoi ITO,JPN,Marugame (JPN),HM,1136
27:09.74,Aron KIFLE,ERI,"Estadio Enrique Lopez Cuenca, Nerja (ESP)",10000m,1211
13:05.00,Aron KIFLE,ERI,"LAZ Wien, Wien (AUT)",5000m,1191
27:52.02,Asahi KURODA,JPN,"National Stadium, Tokyo (JPN)",10000m,1144
8:35.10,Asahi KURODA,JPN,"Universiade Commemorative Stadium, Kobe (JPN)",3000mSC,1100
13:29.56,Asahi KURODA,JPN,"NITTAIDAI Athletic Stadium, Yokohama (JPN)",5000m,1104
1:01:39,Asahi KURODA,JPN,Marugame (JPN),HM,1121
1:01:59,Ashenafi MOGES,ETH,Istanbul (TUR),HM,1108
2:07:52,Ashenafi MOGES,ETH,Seoul (KOR),M,1196
27:32.29,Athanas KIOKO,KEN,"JSerra Catholic HS, San Juan Capistrano, CA (USA)",10000m,1175
13:18.44,Athanas KIOKO,KEN,"Boston Univ. Track & Tennis Center, Boston, MA (USA) (i)",5000m,1193
8:09.91,Avinash Mukund SABLE,IND,"Stade Charléty, Paris (FRA)",3000mSC,1212
13:20.37,Avinash Mukund SABLE,IND,"Jack Kemp Stadium, Los Angeles, CA (USA)",5000m,1136
8:30.56,Axel Vang CHRISTENSEN,DEN,"Bungertstadion, Rehlingen (GER)",3000mSC,1120
13:29.89,Axel Vang CHRISTENSEN,DEN,"Boudewijnstadion, Bruxelles (BEL)",5000m,1102
27:57.54,Ayumu KOBAYASHI,JPN,"Prefectural Shizuoka Stadium, Fukuroi (JPN)",10000m,1136
13:22.17,Ayumu KOBAYASHI,JPN,"Denka Big Swan Stadium, Niigata (JPN)",5000m,1130
3:39.90,Baldvin MAGNUSSON,ISL,"Tooting Bec Athletics Track, London (GBR)",1500m,1108
13:20.34,Baldvin MAGNUSSON,ISL,"Estadio Iberoamericano, Huelva (ESP)",5000m,1136
3:37.60,Baptiste GUYON,FRA,"Stedelijke Atletiekpiste, Ninove (BEL)",1500m,1139
8:29.48,Baptiste GUYON,FRA,"Estadio Iberoamericano, Huelva (ESP)",3000mSC,1124
13:28.67,Baptiste GUYON,FRA,"Stadion De Veen, Heusden-Zolder (BEL)",5000m,1107
3:35.25,Bastien AUGUSTO,FRA,"Mestský Stadion, Ostrava (CZE)",1500m,1171
13:16.85,Bastien AUGUSTO,FRA,"Cougar Athletic Stadium, Azusa, CA (USA)",5000m,1149
28:09.73,Ben PERRIN,USA,"Cobb Track and Angell Field, Palo Alto, CA (USA)",10000m,1117
13:30.73,Ben PERRIN,USA,"Cougar Athletic Stadium, Azusa, CA (USA)",5000m,1100
3:40.25,Ben VEATCH,USA,"Jack Kemp Stadium, Los Angeles, CA (USA)",1500m,1103
13:22.68,Ben VEATCH,USA,"Lincoln HS, Portland, OR (USA)",5000m,1128
8:24.86,Benard KETER,USA,"Cougar Athletic Stadium, Azusa, CA (USA)",3000mSC,1145
13:26.16,Benard KETER,USA,"Boston Univ. Track & Tennis Center, Boston, MA (USA) (i)",5000m,1165
26:51.09,Benard KIBET,KEN,"Hayward Field, Eugene, OR (USA)",10000m,1240
13:13.52,Benard KIBET,KEN,"Egao Kenko Stadium, Kumamoto (JPN)",5000m,1161
59:42,Benard KIBET,KEN,Ras Al Khaimah (UAE),HM,1198
27:20.93,Benjamin FLANAGAN,CAN,"JSerra Catholic HS, San Juan Capistrano, CA (USA)",10000m,1193
3:39.38,Benjamin FLANAGAN,CAN,"Icahn Stadium, New York, NY (USA)",1500m,1115
13:04.62,Benjamin FLANAGAN,CAN,"Boston Univ. Track & Tennis Center, Boston, MA (USA) (i)",5000m,1245
26:55.09,Benson KIPLANGAT,KEN,"Hayward Field, Eugene, OR (USA)",10000m,1234
12:58.78,Benson KIPLANGAT,KEN,"Suzhou Olympic Sports Centre, Suzhou (CHN)",5000m,1214
26:31.13,Berihu AREGAWI,ETH,"Estadio Enrique Lopez Cuenca, Nerja (ESP)",10000m,1273
12:52.09,Berihu AREGAWI,ETH,"Drake Stadium, Los Angeles, CA (USA)",5000m,1239
1:00:45,Bernard Kiprop KOECH,KEN,Paris (FRA),HM,1156
2:04:24,Bernard Kiprop KOECH,KEN,Hamburg (GER),M,1255
1:01:53,Bethwell KIPKEMBOI,KEN,Zwolle (NED),HM,1112
2:07:08,Bethwell KIPKEMBOI,KEN,Paris (FRA),M,1208
26:37.93,Biniam MEHARY,ETH,"Estadio Enrique Lopez Cuenca, Nerja (ESP)",10000m,1262
3:34.83,Biniam MEHARY,ETH,"Arena, Toruń (POL) (i)",1500m,1230
12:54.10,Biniam MEHARY,ETH,"Drake Stadium, Los Angeles, CA (USA)",5000m,1231
59:43,Birhanu LEGESE,ETH,Ras Al Khaimah (UAE),HM,1198
2:05:16,Birhanu LEGESE,ETH,Rotterdam (NED),M,1240
27:26.18,Boki DIRIBA,ETH,"Estadio Enrique Lopez Cuenca, Nerja (ESP)",10000m,1185
1:00:10,Boki DIRIBA,ETH,Ras Al Khaimah (UAE),HM,1180
8:23.05,Brian BARRAZA,USA,"Jack Kemp Stadium, Los Angeles, CA (USA)",3000mSC,1153
13:19.59,Brian BARRAZA,USA,"Cougar Athletic Stadium, Azusa, CA (USA)",5000m,1139
27:43.45,Brian FAY,IRL,"JSerra Catholic HS, San Juan Capistrano, CA (USA)",10000m,1157
3:37.73,Brian FAY,IRL,"Morton Stadium, Dublin (IRL)",1500m,1137
13:14.97,Brian FAY,IRL,"Egret Stadium, Xiamen (CHN)",5000m,1155
13:22.58,Brian KIPYEGON,KEN,"Athletics Stadium, Fukagawa (JPN)",5000m,1128
1:01:38,Brian KIPYEGON,KEN,"National Stadium, Tokyo (JPN)",HM,1121
3:40.46,Brian Muange MUSAU,KEN,"Clyde Hart Track & Field Stadium, Waco, TX (USA)",1500m,1100
13:13.29,Brian Muange MUSAU,KEN,"Cougar Athletic Stadium, Azusa, CA (USA)",5000m,1161
3:38.98,Carson WILLIAMS,USA,"Dean A. Hayes Track and Soccer Stadium, Murfreesboro, TN (USA)",1500m,1120
8:27.14,Carson WILLIAMS,USA,"Cobb Track and Angell Field, Palo Alto, CA (USA)",3000mSC,1135
27:57.90,Casey CLINGER,USA,"Jack Kemp Stadium, Los Angeles, CA (USA)",10000m,1135
3:39.57,Casey CLINGER,USA,"Lincoln HS, Portland, OR (USA)",1500m,1112
13:24.08,Casey CLINGER,USA,"Cougar Athletic Stadium, Azusa, CA (USA)",5000m,1123
3:36.35,Casey COMBER,USA,"Edwin Moses Track Morehouse College, B.T. Harvey Stadium, Atlanta, GA (USA)",1500m,1156
8:36.37,Casey COMBER,USA,"Jack Kemp Stadium, Los Angeles, CA (USA)",3000mSC,1094
27:33.58,Charles HICKS,GBR,"JSerra Catholic HS, San Juan Capistrano, CA (USA)",10000m,1173
13:09.38,Charles HICKS,GBR,"Boston Univ. Track & Tennis Center, Boston, MA (USA) (i)",5000m,1227
27:54.66,Charles PHILIBERT-THIBOUTOT,CAN,"Cougar Athletic Stadium, Azusa, CA (USA)",10000m,1140
3:34.50,Charles PHILIBERT-THIBOUTOT,CAN,"Mestský Stadion, Ostrava (CZE)",1500m,1181
28:04.89,Charles WHEELER,GBR,"Parliament Hill Fields Athletics Track, London (GBR)",10000m,1124
13:20.17,Charles WHEELER,GBR,"Boston Univ. Track & Tennis Center, Boston, MA (USA) (i)",5000m,1187
28:20.76,Chimdessa DEBELE,ETH,"Estadio Enrique Lopez Cuenca, Nerja (ESP)",10000m,1100
1:00:23,Chimdessa DEBELE,ETH,Barcelona (ESP),HM,1171
28:19.58,Chio NISHIKAWA,JPN,"Athletic Track, Abashiri (JPN)",10000m,1102
1:01:55,Chio NISHIKAWA,JPN,Marugame (JPN),HM,1110
3:37.84,Christian NOBLE,USA,"Emerson Field, Concord, MA (USA)",1500m,1136
8:27.75,Christian NOBLE,USA,"Paul Derr TF Facility, Raleigh, NC (USA)",3000mSC,1132
1:01:57,Ciren ZHAXI,CHN,Meishan (CHN),HM,1109
2:12:17,Ciren ZHAXI,CHN,Wuxi (CHN),M,1123
27:59.36,Cleophas Kandie MEYAN,KEN,"Athletics Stadium, Fukagawa (JPN)",10000m,1133
1:00:55,Cleophas Kandie MEYAN,KEN,Marugame (JPN),HM,1150
3:30.59,Cole HOCKER,USA,"Hayward Field, Eugene, OR (USA)",1500m,1236
12:58.82,Cole HOCKER,USA,"Drake Stadium, Los Angeles, CA (USA)",5000m,1214
28:17.69,Cole SPROUT,USA,"Jack Kemp Stadium, Los Angeles, CA (USA)",10000m,1105
13:30.37,Cole SPROUT,USA,"Boston Univ. Track & Tennis Center, Boston, MA (USA) (i)",5000m,1149
1:00:47,Collins Kipkirui KIPKORIR,KEN,Riga (LAT),HM,1155
2:06:44,Collins Kipkirui KIPKORIR,KEN,Barcelona (ESP),M,1215
28:00.90,Conner MANTZ,USA,"Hayward Field, Eugene, OR (USA)",10000m,1130
2:09:05,Conner MANTZ,USA,"Orlando, FL (USA)",M,1175
3:32.16,Cooper TEARE,USA,"UVA Lanningan Field, Charlottesville, VA (USA)",1500m,1214
12:54.72,Cooper TEARE,USA,"Drake Stadium, Los Angeles, CA (USA)",5000m,1229
27:43.74,Cosmas Mwangi BOI,KEN,"NITTAIDAI Athletic Stadium, Yokohama (JPN)",10000m,1157
13:18.32,Cosmas Mwangi BOI,KEN,"Aoba Park Athletic Field, Chitose (JPN)",5000m,1143
1:00:33,Cosmas Mwangi BOI,KEN,Ras Al Khaimah (UAE),HM,1164
27:42.94,Célestin NDIKUMANA,BDI,"Parliament Hill Fields Athletics Track, London (GBR)",10000m,1158
13:12.72,Célestin NDIKUMANA,BDI,"Polisportivo Comunale, San Vito al Tagliamento (ITA)",5000m,1163
8:24.68,Daichi SHIBATA,JPN,"Denka Big Swan Stadium, Niigata (JPN)",3000mSC,1146
1:01:41,Daichi SHIBATA,JPN,Marugame (JPN),HM,1119
28:25.67,Daisuke DOI,JPN,"Honjo Athletic Stadium, Kitakyushu (JPN)",10000m,1093
1:00:51,Daisuke DOI,JPN,"Ishin Me-Life Stadium, Yamaguchi (JPN)",HM,1152
2:06:54,Daisuke DOI,JPN,Osaka (JPN),M,1212
1:01:01,Daisuke HOSOMORI,JPN,"Ishin Me-Life Stadium, Yamaguchi (JPN)",HM,1146
2:10:40,Daisuke HOSOMORI,JPN,Osaka (JPN),M,1149
8:12.28,Daniel ARCE,ESP,"Le Grand Stade, Marrakech (MAR)",3000mSC,1201
13:29.47,Daniel ARCE,ESP,"Estadio Iberoamericano, Huelva (ESP)",5000m,1104
26:50.81,Daniel MATEIKO,KEN,"Hayward Field, Eugene, OR (USA)",10000m,1241
58:45,Daniel MATEIKO,KEN,Ras Al Khaimah (UAE),HM,1237
27:24.33,Daniel Simiu EBENYO,KEN,"Hayward Field, Eugene, OR (USA)",10000m,1187
59:30,Daniel Simiu EBENYO,KEN,Berlin (GER),HM,1206
27:41.11,David Shungeya NEIYIAI,KEN,"National Stadium, Tokyo (JPN)",10000m,1161
13:29.18,David Shungeya NEIYIAI,KEN,"NITTAIDAI Athletic Stadium, Yokohama (JPN)",5000m,1105
1:00:32,David Shungeya NEIYIAI,KEN,Marugame (JPN),HM,1165
27:42.83,Davor Aaron BIENENFELD,GER,"JSerra Catholic HS, San Juan Capistrano, CA (USA)",10000m,1158
13:18.60,Davor Aaron BIENENFELD,GER,"Boston Univ. Track & Tennis Center, Boston, MA (USA) (i)",5000m,1193
28:09.72,Dennis KIPRUTO,KEN,"National Stadium, Tokyo (JPN)",10000m,1117
13:27.96,Dennis KIPRUTO,KEN,"Municipal Stadium, Kitami (JPN)",5000m,1109
3:38.50,Derek JOHNSON,USA,"Emerson Field, Concord, MA (USA)",1500m,1127
8:20.90,Derek JOHNSON,USA,"Drake Stadium, Los Angeles, CA (USA)",3000mSC,1163
27:47.60,Dillon MAGGARD,USA,"JSerra Catholic HS, San Juan Capistrano, CA (USA)",10000m,1151
3:37.26,Dillon MAGGARD,USA,"Lincoln HS, Portland, OR (USA)",1500m,1144
13:22.94,Dillon MAGGARD,USA,"Drake Stadium, Los Angeles, CA (USA)",5000m,1127
2:12:06,Dinghong YANG,CHN,Wuhan (CHN),M,1126
2:12:33,Dinghong YANG,CHN,Huai'an (CHN),M,1118
3:36.41,Djilali BEDRANI,FRA,"Stade Raymond Troussier, Decines (FRA)",1500m,1155
8:13.73,Djilali BEDRANI,FRA,"Le Grand Stade, Marrakech (MAR)",3000mSC,1195
27:36.29,Dominic Lokinyomo LOBALU,SUI,"Berufsschulzentrum, Interlaken (SUI)",10000m,1169
3:35.50,Dominic Lokinyomo LOBALU,SUI,"Carl-Kaufmann-Stadion, Karlsruhe (GER)",1500m,1168
12:50.90,Dominic Lokinyomo LOBALU,SUI,"Bislett Stadion, Oslo (NOR)",5000m,1243
3:36.69,Duncan HAMILTON,USA,"Billy J. Murphy Track and Field Complex, Memphis, TN (USA)",1500m,1151
8:21.68,Duncan HAMILTON,USA,"Jack Kemp Stadium, Los Angeles, CA (USA)",3000mSC,1159
1:01:19,Edmond KIPNGETICH,KEN,Istanbul (TUR),HM,1134
2:07:21,Edmond KIPNGETICH,KEN,Barcelona (ESP),M,1205
3:35.27,Eduardo HERRERA,MEX,"Polideportivo Zorrotza, Bilbao (ESP)",1500m,1171
13:12.20,Eduardo HERRERA,MEX,"Drake Stadium, Los Angeles, CA (USA)",5000m,1165
1:01:24,Edwin KIPTOO,KEN,Guadalajara (MEX),HM,1131
2:06:10,Edwin KIPTOO,KEN,Seoul (KOR),M,1225
2:13:35,Edwin KIPTOO,KEN,Qingdao (CHN),M,1102
26:51.54,Edwin KURGAT,KEN,"Hayward Field, Eugene, OR (USA)",10000m,1240
12:57.52,Edwin KURGAT,KEN,"Boston Univ. Track & Tennis Center, Boston, MA (USA) (i)",5000m,1272
27:40.02,Efrem GIDEY,IRL,"Parliament Hill Fields Athletics Track, London (GBR)",10000m,1163
13:23.83,Efrem GIDEY,IRL,"Parc des Sports, Maisons-Laffitte (FRA)",5000m,1124
1:01:26,Eikichi KAZAOKA,JPN,Marugame (JPN),HM,1129
2:12:37,Eikichi KAZAOKA,JPN,Osaka (JPN),M,1117
3:37.25,Elzan BIBIĆ,SRB,"Mestský Stadion, Ostrava (CZE)",1500m,1144
13:14.78,Elzan BIBIĆ,SRB,"Estadio Iberoamericano, Huelva (ESP)",5000m,1156
3:37.51,Emil DANIELSSON,SWE,"Sollentunavallen, Sollentuna (SWE)",1500m,1140
13:27.42,Emil DANIELSSON,SWE,"Stadio Olimpico, Roma (ITA)",5000m,1111
1:00:01,Emile CAIRESS,GBR,Napoli (ITA),HM,1186
2:06:46,Emile CAIRESS,GBR,London (GBR),M,1214
27:47.88,Emile HAFASHIMANA,BDI,"Parliament Hill Fields Athletics Track, London (GBR)",10000m,1151
13:15.24,Emile HAFASHIMANA,BDI,"Parc des Sports, Maisons-Laffitte (FRA)",5000m,1154
27:42.99,Emmanuel BOR,USA,"JSerra Catholic HS, San Juan Capistrano, CA (USA)",10000m,1158
13:23.75,Emmanuel BOR,USA,"Boston Univ. Track & Tennis Center, Boston, MA (USA) (i)",5000m,1173
3:38.38,Emmanuel Kiprop KIPRUTO,KEN,"Ulinzi Sports Complex, Langata, Nairobi (KEN)",1500m,1128
13:15.17,Emmanuel Kiprop KIPRUTO,KEN,"Nishishina Athletic Stadium, Nobeoka (JPN)",5000m,1155
27:58.01,Emmanuel Korir KIPLAGAT,KEN,"Universiade Commemorative Stadium, Kobe (JPN)",10000m,1135
13:17.61,Emmanuel Korir KIPLAGAT,KEN,"Nishishina Athletic Stadium, Nobeoka (JPN)",5000m,1146
27:30.72,Emmanuel Moi MARU,KEN,"Prefectural Shizuoka Stadium, Fukuroi (JPN)",10000m,1177
13:18.94,Emmanuel Moi MARU,KEN,"National Stadium, Tokyo (JPN)",5000m,1141
59:43,Emmanuel Moi MARU,KEN,Barcelona (ESP),HM,1198
3:37.44,Etienne DAGUINOS,FRA,"Stade Jean Adret, Sotteville-lès-Rouen (FRA)",1500m,1141
13:19.77,Etienne DAGUINOS,FRA,"Stade Raymond Troussier, Decines (FRA)",5000m,1138
3:39.93,Etson BARROS,POR,"Estadio Universitario, Lisboa (POR)",1500m,1107
8:24.02,Etson BARROS,POR,"Polideportivo Zorrotza, Bilbao (ESP)",3000mSC,1149
3:40.40,Evan JAGER,USA,"JSerra Catholic HS, San Juan Capistrano, CA (USA)",1500m,1101
8:25.77,Evan JAGER,USA,"Mt. Hood Community College, Gresham, OR (USA)",3000mSC,1141
28:08.26,Evans KIPLAGAT,KEN,"Cobb Track and Angell Field, Palo Alto, CA (USA)",10000m,1119
13:26.56,Evans KIPLAGAT,KEN,"Boston Univ. Track & Tennis Center, Boston, MA (USA) (i)",5000m,1163
28:22.78,Felix Kiptarus KORIR,KEN,"Nagaragawa Stadium, Gifu (JPN)",10000m,1097
13:19.23,Felix Kiptarus KORIR,KEN,"Athletics Stadium, Fukagawa (JPN)",5000m,1140
1:01:19,Felix Kiptarus KORIR,KEN,Milano (ITA),HM,1134
3:38.59,Ferdinand Kvan EDMAN,NOR,"Fana Stadion, Bergen (NOR)",1500m,1125
13:23.66,Ferdinand Kvan EDMAN,NOR,"Bislett Stadion, Oslo (NOR)",5000m,1124
28:20.04,Fernando CARRO,ESP,"Estadi Municipal La Bòbila, Gavá (ESP)",10000m,1101
8:18.30,Fernando CARRO,ESP,"Stade Delort, Marseille (FRA)",3000mSC,1174
13:20.95,Fernando CARRO,ESP,"Estadio Iberoamericano, Huelva (ESP)",5000m,1134
3:37.73,Florian BREMM,GER,"Carl-Kaufmann-Stadion, Karlsruhe (GER)",1500m,1137
13:11.87,Florian BREMM,GER,"Boudewijnstadion, Bruxelles (BEL)",5000m,1166
28:25.89,Florian LE PALLEC,FRA,"Paul Derr TF Facility, Raleigh, NC (USA)",10000m,1092
13:29.78,Florian LE PALLEC,FRA,"Cougar Athletic Stadium, Azusa, CA (USA)",5000m,1103
28:10.46,Futsum ZIENASELLASSIE,USA,"Jack Kemp Stadium, Los Angeles, CA (USA)",10000m,1116
13:30.65,Futsum ZIENASELLASSIE,USA,"Lincoln HS, Portland, OR (USA)",5000m,1100
3:35.77,Gary MARTIN,USA,"Lincoln HS, Portland, OR (USA)",1500m,1164
13:31.51,Gary MARTIN,USA,"Paul Derr TF Facility, Raleigh, NC (USA)",5000m,1097
1:01:28,Gashau AYALE,ISR,"Stadio Olimpico, Roma (ITA)",HM,1128
2:04:53,Gashau AYALE,ISR,Sevilla (ESP),M,1247
3:36.54,Geordie BEAMISH,NZL,"Glasgow Arena, Glasgow (GBR) (i)",1500m,1206
8:09.64,Geordie BEAMISH,NZL,"Stade Charléty, Paris (FRA)",3000mSC,1214
13:04.33,Geordie BEAMISH,NZL,"Boston Univ. Track & Tennis Center, Boston, MA (USA) (i)",5000m,1246
3:31.57,George MILLS,GBR,"Bislett Stadion, Oslo (NOR)",1500m,1222
12:58.68,George MILLS,GBR,"Boston Univ. Track & Tennis Center, Boston, MA (USA) (i)",5000m,1268
59:38,Gerba DIBABA,ETH,Ras Al Khaimah (UAE),HM,1201
2:08:25,Gerba DIBABA,ETH,Milano (ITA),M,1187
27:41.48,Gilbert Kipkosgei KIPROTICH,KEN,"Egao Kenko Stadium, Kumamoto (JPN)",10000m,1161
13:18.84,Gilbert Kipkosgei KIPROTICH,KEN,"Municipal Stadium, Kitami (JPN)",5000m,1141
26:52.04,Grant FISHER,USA,"JSerra Catholic HS, San Juan Capistrano, CA (USA)",10000m,1239
3:34.90,Grant FISHER,USA,"Icahn Stadium, New York, NY (USA)",1500m,1176
12:51.84,Grant FISHER,USA,"Boston Univ. Track & Tennis Center, Boston, MA (USA) (i)",5000m,1294
27:41.81,Gulveer SINGH,IND,"JSerra Catholic HS, San Juan Capistrano, CA (USA)",10000m,1160
13:18.92,Gulveer SINGH,IND,"Lincoln HS, Portland, OR (USA)",5000m,1141
26:53.84,Habtom SAMUEL,ERI,"JSerra Catholic HS, San Juan Capistrano, CA (USA)",10000m,1236
13:13.34,Habtom SAMUEL,ERI,"Cougar Athletic Stadium, Azusa, CA (USA)",5000m,1161
27:12.89,Hagos GEBRHIWET,ETH,"Estadio Enrique Lopez Cuenca, Nerja (ESP)",10000m,1206
12:36.73,Hagos GEBRHIWET,ETH,"Bislett Stadion, Oslo (NOR)",5000m,1296
28:12.01,Hibiki YOSHIDA,JPN,"National Stadium, Tokyo (JPN)",10000m,1113
1:01:45,Hibiki YOSHIDA,JPN,Hakodate (JPN),HM,1117
28:19.81,Hicham OULADHA,MAR,Sale (MAR),10000m,1101
1:00:57,Hicham OULADHA,MAR,"Sale, Rabat (MAR)",HM,1148
28:23.27,Hidekazu HIJIKATA,JPN,"NITTAIDAI Athletic Stadium, Yokohama (JPN)",10000m,1096
1:01:45,Hidekazu HIJIKATA,JPN,Osaka (JPN),HM,1117
2:09:10,Hidekazu HIJIKATA,JPN,Osaka (JPN),M,1174
1:01:13,Hideyuki TANAKA,JPN,Marugame (JPN),HM,1138
2:09:27,Hideyuki TANAKA,JPN,Osaka (JPN),M,1169
8:13.30,Hillary BOR,USA,"Le Grand Stade, Marrakech (MAR)",3000mSC,1197
13:29.79,Hillary BOR,USA,"Sportcity Regional Arena, Manchester (GBR)",5000m,1103
1:01:47,Hillary BOR,USA,"New York, NY (USA)",HM,1116
1:01:59,Hillary KIPCHUMBA,KEN,Istanbul (TUR),HM,1108
2:09:53,Hillary KIPCHUMBA,KEN,Wuhan (CHN),M,1162
28:14.73,Hiroshi ICHIDA,JPN,"Athletic Track, Abashiri (JPN)",10000m,1109
2:10:30,Hiroshi ICHIDA,JPN,Tokyo (JPN),M,1152
28:08.26,Hisaya HANAOKA,JPN,"National Stadium, Tokyo (JPN)",10000m,1119
13:28.18,Hisaya HANAOKA,JPN,"Municipal Stadium, Hiroshima (JPN)",5000m,1108
1:01:32,Iliass AOUANI,ITA,Sevilla (ESP),HM,1125
2:08:05,Iliass AOUANI,ITA,Barcelona (ESP),M,1192
1:01:36,Isaac KIBET,UGA,Sevilla (ESP),HM,1123
2:11:42,Isaac KIBET,UGA,Milano (ITA),M,1132
27:07.97,Isaac KIMELI,BEL,"JSerra Catholic HS, San Juan Capistrano, CA (USA)",10000m,1213
12:56.53,Isaac KIMELI,BEL,"Olympiastadion, Stockholm (SWE)",5000m,1222
27:52.38,Itta TAMEIKE,JPN,"Athletic Track, Abashiri (JPN)",10000m,1144
13:28.29,Itta TAMEIKE,JPN,"Aoba Park Athletic Field, Chitose (JPN)",5000m,1108
27:09.57,Jack RAYNER,AUS,"JSerra Catholic HS, San Juan Capistrano, CA (USA)",10000m,1211
13:16.34,Jack RAYNER,AUS,"Lakeside Stadium, Melbourne (AUS)",5000m,1150
27:54.55,Jack ROWE,GBR,"JSerra Catholic HS, San Juan Capistrano, CA (USA)",10000m,1140
3:38.57,Jack ROWE,GBR,"Stadion Śląski, Chorzów (POL)",1500m,1126
13:04.75,Jack ROWE,GBR,"Boston Univ. Track & Tennis Center, Boston, MA (USA) (i)",5000m,1245
3:39.04,Jackson SHARP,AUS,"Morton Stadium, Dublin (IRL)",1500m,1119
13:17.08,Jackson SHARP,AUS,"Drake Stadium, Los Angeles, CA (USA)",5000m,1148
3:26.73,Jakob INGEBRIGTSEN,NOR,"Stade Louis II, Monaco (MON)",1500m,1292
13:14.36,Jakob INGEBRIGTSEN,NOR,"Sandnes Stadion, Sandnes (NOR)",5000m,1158
8:13.87,James CORRIGAN,USA,"Franklin Field, Philadelphia, PA (USA)",3000mSC,1194
13:30.67,James CORRIGAN,USA,"Dempsey Indoor, Seattle, WA (USA)",5000m,1100
28:11.68,James KIMEU,KEN,"Athletic Track, Abashiri (JPN)",10000m,1114
13:29.80,James KIMEU,KEN,"Egao Kenko Stadium, Kumamoto (JPN)",5000m,1103
27:23.09,James Mwanzia MUTUKU,KEN,"NITTAIDAI Athletic Stadium, Yokohama (JPN)",10000m,1189
13:18.18,James Mwanzia MUTUKU,KEN,"Egao Kenko Stadium, Kumamoto (JPN)",5000m,1144
1:01:36,James Mwanzia MUTUKU,KEN,Venlo (NED),HM,1123
3:39.90,Jean-Simon DESGAGNÉS,CAN,"Piste Ben Leduc, Montréal (CAN)",1500m,1108
8:13.11,Jean-Simon DESGAGNÉS,CAN,"Stade Charléty, Paris (FRA)",3000mSC,1198
1:00:42,Jemal MEKONEN,ETH,"Houston, TX (USA)",HM,1158
2:06:08,Jemal MEKONEN,ETH,Seoul (KOR),M,1225
3:38.82,Jerry MOTSAU,RSA,"Msunduzi Athletics Stadium, Pietermaritzburg (RSA)",1500m,1122
13:29.87,Jerry MOTSAU,RSA,"Stadion De Veen, Heusden-Zolder (BEL)",5000m,1103
28:01.42,Jimmy GRESSIER,FRA,"Stadio Olimpico, Roma (ITA)",10000m,1130
3:34.58,Jimmy GRESSIER,FRA,"Stade Raymond Troussier, Decines (FRA)",1500m,1180
12:54.97,Jimmy GRESSIER,FRA,"Bislett Stadion, Oslo (NOR)",5000m,1228
27:09.29,Joe KLECKER,USA,"JSerra Catholic HS, San Juan Capistrano, CA (USA)",10000m,1211
13:06.02,Joe KLECKER,USA,"Boston Univ. Track & Tennis Center, Boston, MA (USA) (i)",5000m,1240
28:21.75,Joey NOKES,USA,"Cobb Track and Angell Field, Palo Alto, CA (USA)",10000m,1099
13:28.89,Joey NOKES,USA,"Cougar Athletic Stadium, Azusa, CA (USA)",5000m,1106
3:38.19,John HEYMANS,BEL,"Boudewijnstadion, Bruxelles (BEL)",1500m,1131
13:03.46,John HEYMANS,BEL,"Boston Univ. Track & Tennis Center, Boston, MA (USA) (i)",5000m,1250
3:33.58,Johnathan RENIEWICKI,USA,"Jack Kemp Stadium, Los Angeles, CA (USA)",1500m,1194
13:19.33,Johnathan RENIEWICKI,USA,"Drake Stadium, Los Angeles, CA (USA)",5000m,1140
28:04.78,Jonas RAESS,SUI,"JSerra Catholic HS, San Juan Capistrano, CA (USA)",10000m,1124
13:15.54,Jonas RAESS,SUI,"Drake Stadium, Los Angeles, CA (USA)",5000m,1153
27:42.81,Jonathan Muia NDIKU,KEN,"NITTAIDAI Athletic Stadium, Yokohama (JPN)",10000m,1158
13:30.56,Jonathan Muia NDIKU,KEN,"Nishishina Athletic Stadium, Nobeoka (JPN)",5000m,1100
27:58.36,Jonson MUGENI,KEN,"Universiade Commemorative Stadium, Kobe (JPN)",10000m,1134
13:27.21,Jonson MUGENI,KEN,"Nishishina Athletic Stadium, Nobeoka (JPN)",5000m,1112
1:02:07,Justus KANGOGO,KEN,Rio de Janeiro (BRA),HM,1103
2:08:45,Justus KANGOGO,KEN,Daegu (KOR),M,1181
28:30.11,Kaisei SUGIYAMA,JPN,"NITTAIDAI Athletic Stadium, Yokohama (JPN)",10000m,1086
1:01:48,Kaisei SUGIYAMA,JPN,"Ishin Me-Life Stadium, Yamaguchi (JPN)",HM,1115
3:35.68,Kasey KNEVELBAARD,USA,"Stedelijke Atletiekpiste, Ninove (BEL)",1500m,1165
13:13.23,Kasey KNEVELBAARD,USA,"Drake Stadium, Los Angeles, CA (USA)",5000m,1162
27:49.09,Kazuki TAMURA,JPN,"JSerra Catholic HS, San Juan Capistrano, CA (USA)",10000m,1149
13:21.56,Kazuki TAMURA,JPN,"Denka Big Swan Stadium, Niigata (JPN)",5000m,1132
1:01:42,Kazuya NISHIYAMA,JPN,"Ishin Me-Life Stadium, Yamaguchi (JPN)",HM,1119
2:10:29,Kazuya NISHIYAMA,JPN,Tokyo (JPN),M,1152
27:54.08,Kazuya SHIOJIRI,JPN,"Prefectural Shizuoka Stadium, Fukuroi (JPN)",10000m,1141
13:23.63,Kazuya SHIOJIRI,JPN,"National Stadium, Tokyo (JPN)",5000m,1124
28:02.84,Keijiro MOGI,JPN,"Athletic Track, Abashiri (JPN)",10000m,1127
2:11:25,Keijiro MOGI,JPN,Osaka (JPN),M,1137
27:34.66,Keita SATOH,JPN,"JSerra Catholic HS, San Juan Capistrano, CA (USA)",10000m,1171
13:09.45,Keita SATOH,JPN,"Boston Univ. Track & Tennis Center, Boston, MA (USA) (i)",5000m,1227
1:01:44,Kenji YAMAMOTO,JPN,Osaka (JPN),HM,1118
2:08:33,Kenji YAMAMOTO,JPN,Tokyo (JPN),M,1184
1:01:19,Kennedy KIMUTAI,KEN,Ras Al Khaimah (UAE),HM,1134
2:07:40,Kennedy KIMUTAI,KEN,Daegu (KOR),M,1199
3:39.55,Kenneth ROOKS,USA,"Jack Kemp Stadium, Los Angeles, CA (USA)",1500m,1113
8:15.08,Kenneth ROOKS,USA,"Jack Kemp Stadium, Los Angeles, CA (USA)",3000mSC,1189
1:01:46,Kento KIKUTANI,JPN,Osaka (JPN),HM,1116
2:08:33,Kento KIKUTANI,JPN,Osaka (JPN),M,1184
1:01:09,Kento NISHI,JPN,"Ishin Me-Life Stadium, Yamaguchi (JPN)",HM,1140
2:09:56,Kento NISHI,JPN,Osaka (JPN),M,1161
3:38.78,Kevin ROBERTSON,CAN,"Sportcentrum Wembley, Kortrijk (BEL)",1500m,1123
8:28.69,Kevin ROBERTSON,CAN,"Stedelijke Atletiekpiste, Ninove (BEL)",3000mSC,1128
8:33.88,Kevin ROBERTSON,CAN,"UVA Lanningan Field, Charlottesville, VA (USA)",3000mSC,1105
27:27.77,Kibet KANDIE,KEN,"NITTAIDAI Athletic Stadium, Yokohama (JPN)",10000m,1182
13:15.38,Kibet KANDIE,KEN,"Nishishina Athletic Stadium, Nobeoka (JPN)",5000m,1154
26:58.97,Kibiwott KANDIE,KEN,"Hayward Field, Eugene, OR (USA)",10000m,1228
59:22,Kibiwott KANDIE,KEN,Barcelona (ESP),HM,1212
3:34.41,Kieran LUMB,CAN,"Suhaim bin Hamad Stadium, Doha (QAT)",1500m,1183
13:16.59,Kieran LUMB,CAN,"Boston Univ. Track & Tennis Center, Boston, MA (USA) (i)",5000m,1200
28:30.70,Kirami Collin YEGO,KEN,"Cobb Track and Angell Field, Palo Alto, CA (USA)",10000m,1085
13:29.49,Kirami Collin YEGO,KEN,"Cougar Athletic Stadium, Azusa, CA (USA)",5000m,1104
28:21.42,Kiyoshi KOGA,JPN,"Honjo Athletic Stadium, Kitakyushu (JPN)",10000m,1099
2:09:22,Kiyoshi KOGA,JPN,Gold Coast (AUS),M,1171
27:58.19,Kiyoto HIRABAYASHI,JPN,"Athletic Track, Abashiri (JPN)",10000m,1135
2:06:18,Kiyoto HIRABAYASHI,JPN,Osaka (JPN),M,1222
1:01:44,Koki YOSHIOKA,JPN,Osaka (JPN),HM,1118
2:10:42,Koki YOSHIOKA,JPN,Osaka (JPN),M,1149
28:05.55,Kotaro KONDO,JPN,"Yanmar Stadium Nagai, Osaka (JPN)",10000m,1123
13:31.33,Kotaro KONDO,JPN,"Municipal Stadium, Hiroshima (JPN)",5000m,1097
27:35.05,Kotaro SHINOHARA,JPN,"Prefectural Shizuoka Stadium, Fukuroi (JPN)",10000m,1171
13:27.04,Kotaro SHINOHARA,JPN,"Aoba Park Athletic Field, Chitose (JPN)",5000m,1112
1:01:04,Kotaro SHINOHARA,JPN,Marugame (JPN),HM,1144
3:36.60,Kuma GIRMA,ETH,"Le Grand Stade, Marrakech (MAR)",1500m,1153
13:03.45,Kuma GIRMA,ETH,"Suzhou Olympic Sports Centre, Suzhou (CHN)",5000m,1197
28:15.12,Ky ROBINSON,AUS,"Cobb Track and Angell Field, Palo Alto, CA (USA)",10000m,1109
13:15.61,Ky ROBINSON,AUS,"Stadion De Veen, Heusden-Zolder (BEL)",5000m,1153
28:26.31,Kyohei HOSOYA,JPN,"Honjo Athletic Stadium, Kitakyushu (JPN)",10000m,1092
2:06:55,Kyohei HOSOYA,JPN,Tokyo (JPN),M,1212
28:21.59,Kyohei ODA,JPN,"Athletic Track, Abashiri (JPN)",10000m,1099
1:02:09,Kyohei ODA,JPN,Marugame (JPN),HM,1101
3:33.54,Lamecha GIRMA,ETH,"Le Grand Stade, Marrakech (MAR)",1500m,1195
8:01.63,Lamecha GIRMA,ETH,"Olympiastadion, Stockholm (SWE)",3000mSC,1250
12:58.96,Lamecha GIRMA,ETH,"Egret Stadium, Xiamen (CHN)",5000m,1213
3:34.83,Louis GILAVERT,FRA,"Parc des Sports C. Ehrmann, Nice (FRA)",1500m,1177
8:13.47,Louis GILAVERT,FRA,"Stade Delort, Marseille (FRA)",3000mSC,1196
3:38.66,Luc LE BARON,FRA,"Sportcentrum Wembley, Kortrijk (BEL)",1500m,1125
8:15.29,Luc LE BARON,FRA,"Stade Charléty, Paris (FRA)",3000mSC,1188
3:38.65,Luca NOTI,SUI,"Centre sportif Bout-du-Monde, Genève (SUI)",1500m,1125
13:31.34,Luca NOTI,SUI,"Boudewijnstadion, Bruxelles (BEL)",5000m,1097
27:26.02,Luis GRIJALVA,GUA,"JSerra Catholic HS, San Juan Capistrano, CA (USA)",10000m,1185
3:38.20,Luis GRIJALVA,GUA,"Jack Kemp Stadium, Los Angeles, CA (USA)",1500m,1131
12:50.58,Luis GRIJALVA,GUA,"Bislett Stadion, Oslo (NOR)",5000m,1244
1:01:43,Madoka TANIHARA,JPN,Marugame (JPN),HM,1118
2:09:39,Madoka TANIHARA,JPN,Osaka (JPN),M,1166
3:39.29,Mahadi ABDI ALI,NED,"Atletiekbaan Brakkenstein, Nijmegen (NED)",1500m,1116
13:15.59,Mahadi ABDI ALI,NED,"LAZ Wien, Wien (AUT)",5000m,1153
1:02:06,Marc SCOTT,GBR,Barcelona (ESP),HM,1103
2:11:19,Marc SCOTT,GBR,London (GBR),M,1138
28:23.79,Marcelo LAGUERA,MEX,"JSerra Catholic HS, San Juan Capistrano, CA (USA)",10000m,1095
2:11:54,Marcelo LAGUERA,MEX,"Houston, TX (USA)",M,1129
1:01:47,Masaki TSUDA,JPN,Osaka (JPN),HM,1116
2:11:15,Masaki TSUDA,JPN,Osaka (JPN),M,1140
1:01:43,Masashi NONAKA,JPN,Marugame (JPN),HM,1118
2:09:11,Masashi NONAKA,JPN,Osaka (JPN),M,1174
3:40.23,Mason FERLIC,USA,"Icahn Stadium, New York, NY (USA)",1500m,1103
8:20.48,Mason FERLIC,USA,"Dean A. Hayes Track and Soccer Stadium, Murfreesboro, TN (USA)",3000mSC,1164
1:02:06,Mateusz KACZOR,POL,Warszawa (POL),HM,1103
2:09:35,Mateusz KACZOR,POL,Sevilla (ESP),M,1167
1:00:27,Mathew SAMPERU,KEN,Istanbul (TUR),HM,1168
2:09:54,Mathew SAMPERU,KEN,Buri Ram (THA),M,1162
3:38.77,Matthew RAMSDEN,AUS,"The Crest Athletics Centre, Bankstown, Sydney (AUS)",1500m,1123
13:17.22,Matthew RAMSDEN,AUS,"Lakeside Stadium, Melbourne (AUS)",5000m,1147
3:37.72,Matthew WILKINSON,USA,"Lincoln HS, Portland, OR (USA)",1500m,1137
8:16.59,Matthew WILKINSON,USA,"Drake Stadium, Los Angeles, CA (USA)",3000mSC,1182
3:37.63,Maximilian THORWIRTH,GER,"Carl-Kaufmann-Stadion, Karlsruhe (GER)",1500m,1138
13:10.50,Maximilian THORWIRTH,GER,"Boudewijnstadion, Bruxelles (BEL)",5000m,1171
27:26.67,Mebuki SUZUKI,JPN,"Prefectural Shizuoka Stadium, Fukuroi (JPN)",10000m,1184
13:17.75,Mebuki SUZUKI,JPN,"Denka Big Swan Stadium, Niigata (JPN)",5000m,1145
26:55.51,Merhawi MEBRAHTU,ERI,"Estadio Enrique Lopez Cuenca, Nerja (ESP)",10000m,1233
13:19.90,Merhawi MEBRAHTU,ERI,"LAZ Wien, Wien (AUT)",5000m,1138
3:40.21,Miguel MOREIRA,POR,"Kimpisen yleisurheilukenttä, Lappeenranta (FIN)",1500m,1104
13:25.16,Miguel MOREIRA,POR,"Keskusurheilukenttä, Joensuu (FIN)",5000m,1119
3:36.32,Mike FOPPEN,NED,"Stade Delort, Marseille (FRA)",1500m,1156
13:08.60,Mike FOPPEN,NED,"Boston Univ. Track & Tennis Center, Boston, MA (USA) (i)",5000m,1230
1:02:09,Mizuki HIGASHI,JPN,Osaka (JPN),HM,1101
2:08:03,Mizuki HIGASHI,JPN,Osaka (JPN),M,1193
28:01.03,Mogeni Benuel MAGOMA,KEN,"Honjo Athletic Stadium, Kitakyushu (JPN)",10000m,1130
13:22.10,Mogeni Benuel MAGOMA,KEN,"Nishishina Athletic Stadium, Nobeoka (JPN)",5000m,1130
3:35.90,Mohamed Amin JHINAOUI,TUN,"Stadio G. Teghil, Lignano Sabbiadoro (ITA)",1500m,1162
8:09.41,Mohamed Amin JHINAOUI,TUN,"Stade Charléty, Paris (FRA)",3000mSC,1215
27:22.38,Mohamed ISMAIL,DJI,"Parliament Hill Fields Athletics Track, London (GBR)",10000m,1191
12:56.43,Mohamed ISMAIL,DJI,"Olympiastadion, Stockholm (SWE)",5000m,1223
26:53.01,Mohammed AHMED,CAN,"JSerra Catholic HS, San Juan Capistrano, CA (USA)",10000m,1237
3:37.92,Mohammed AHMED,CAN,"Jack Kemp Stadium, Los Angeles, CA (USA)",1500m,1135
12:54.22,Mohammed AHMED,CAN,"Drake Stadium, Los Angeles, CA (USA)",5000m,1231
1:01:34,Mohcin OUTALHA,MAR,Marrakech (MAR),HM,1124
2:10:53,Mohcin OUTALHA,MAR,Rabat (MAR),M,1146
3:35.84,Morgan BEADLESCOMB,USA,"Drake Stadium, Los Angeles, CA (USA)",1500m,1163
13:03.57,Morgan BEADLESCOMB,USA,"Boston Univ. Track & Tennis Center, Boston, MA (USA) (i)",5000m,1249
3:39.76,Mustafe MUUSE,FIN,"Kuortaneen keskusurheilukenttä, Kuortane (FIN)",1500m,1110
13:30.04,Mustafe MUUSE,FIN,"Stadion De Veen, Heusden-Zolder (BEL)",5000m,1102
28:09.19,Muthoni MUIRU,KEN,"Athletic Track, Abashiri (JPN)",10000m,1118
13:24.41,Muthoni MUIRU,KEN,"Municipal Stadium, Kitami (JPN)",5000m,1122
3:31.06,Narve Gilje NORDÅS,NOR,"Stade Louis II, Monaco (MON)",1500m,1230
13:14.99,Narve Gilje NORDÅS,NOR,"Sandnes Stadion, Sandnes (NOR)",5000m,1155
28:27.78,Nassim HASSAOUS,ESP,"Estadi Municipal La Bòbila, Gavá (ESP)",10000m,1089
3:40.48,Nassim HASSAOUS,ESP,"Altamira estadioa, Ordizia (ESP)",1500m,1100
13:26.99,Nassim HASSAOUS,ESP,"Boudewijnstadion, Bruxelles (BEL)",5000m,1113
27:43.13,Nganga Joseph WAWERU,KEN,"NITTAIDAI Athletic Stadium, Yokohama (JPN)",10000m,1158
13:29.35,Nganga Joseph WAWERU,KEN,"Egao Kenko Stadium, Kumamoto (JPN)",5000m,1104
1:01:30,Nganga Joseph WAWERU,KEN,"Ishin Me-Life Stadium, Yamaguchi (JPN)",HM,1127
3:35.04,Nicholas GRIGGS,IRL,"Tooting Bec Athletics Track, London (GBR)",1500m,1174
13:13.07,Nicholas GRIGGS,IRL,"Morton Stadium, Dublin (IRL)",5000m,1162
26:50.94,Nicholas KIPKORIR,KEN,"Hayward Field, Eugene, OR (USA)",10000m,1241
12:59.78,Nicholas KIPKORIR,KEN,"Egret Stadium, Xiamen (CHN)",5000m,1210
26:52.72,Nico YOUNG,USA,"JSerra Catholic HS, San Juan Capistrano, CA (USA)",10000m,1238
3:34.56,Nico YOUNG,USA,"Jack Kemp Stadium, Los Angeles, CA (USA)",1500m,1181
12:57.14,Nico YOUNG,USA,"Boston Univ. Track & Tennis Center, Boston, MA (USA) (i)",5000m,1274
3:39.22,Nicolas-Marie DARU,FRA,"Stade Raymond Troussier, Decines (FRA)",1500m,1117
8:16.36,Nicolas-Marie DARU,FRA,"Stadion Śląski, Chorzów (POL)",3000mSC,1183
3:36.43,Olin HACKER,USA,"Sportcentrum Wembley, Kortrijk (BEL)",1500m,1155
13:08.76,Olin HACKER,USA,"Boston Univ. Track & Tennis Center, Boston, MA (USA) (i)",5000m,1229
28:21.92,Omar Ait CHITACHEN,MAR,Sale (MAR),10000m,1098
1:00:29,Omar Ait CHITACHEN,MAR,"Sale, Rabat (MAR)",HM,1167
2:08:43,Omar Ait CHITACHEN,MAR,Marrakech (MAR),M,1182
3:37.85,Omar SERAICH,ALG,"Sportcentrum Wembley, Kortrijk (BEL)",1500m,1136
8:22.99,Omar SERAICH,ALG,"Stade Naimette-Xhovémont, Liège (BEL)",3000mSC,1153
1:02:10,Othmane EL GOUMRI,MAR,Meishan (CHN),HM,1101
2:07:18,Othmane EL GOUMRI,MAR,Xiamen (CHN),M,1205
3:36.25,Parker WOLFE,USA,"Morris Williams T&F Stadium, Durham, NC (USA)",1500m,1157
13:10.75,Parker WOLFE,USA,"Hayward Field, Eugene, OR (USA)",5000m,1170
27:08.81,Patrick DEVER,GBR,"JSerra Catholic HS, San Juan Capistrano, CA (USA)",10000m,1212
13:04.05,Patrick DEVER,GBR,"Boston Univ. Track & Tennis Center, Boston, MA (USA) (i)",5000m,1247
28:14.77,Patrick KIPROP,KEN,"Cobb Track and Angell Field, Palo Alto, CA (USA)",10000m,1109
13:27.55,Patrick KIPROP,KEN,"Boston Univ. Track & Tennis Center, Boston, MA (USA) (i)",5000m,1159
28:14.83,Patrick MATHENGE,KEN,"Universiade Commemorative Stadium, Kobe (JPN)",10000m,1109
1:01:58,Patrick MATHENGE,KEN,Gifu (JPN),HM,1108
2:09:29,Patrick MATHENGE,KEN,Osaka (JPN),M,1169
27:34.04,Paul CHELIMO,USA,"Parliament Hill Fields Athletics Track, London (GBR)",10000m,1172
13:21.52,Paul CHELIMO,USA,"Stade Raymond Troussier, Decines (FRA)",5000m,1132
27:49.30,Peter LYNCH,IRL,"JSerra Catholic HS, San Juan Capistrano, CA (USA)",10000m,1148
13:31.81,Peter LYNCH,IRL,"Boston Univ. Track & Tennis Center, Boston, MA (USA) (i)",5000m,1144
27:49.43,Peter Mwaniki AILA,KEN,"Hayward Field, Eugene, OR (USA)",10000m,1148
1:00:53,Peter Mwaniki AILA,KEN,Barcelona (ESP),HM,1151
1:01:01,Philemon KIPLIMO,KEN,Barcelona (ESP),HM,1146
2:05:37,Philemon KIPLIMO,KEN,Hamburg (GER),M,1234
28:09.28,Philemon Kiplagat RUTO,KEN,"Universiade Commemorative Stadium, Kobe (JPN)",10000m,1118
8:23.35,Philemon Kiplagat RUTO,KEN,"Municipal Stadium, Hiroshima (JPN)",3000mSC,1152
27:55.19,Pietro RIVA,ITA,"JSerra Catholic HS, San Juan Capistrano, CA (USA)",10000m,1139
13:18.29,Pietro RIVA,ITA,"Parc des Sports, Maisons-Laffitte (FRA)",5000m,1143
1:01:04,Pietro RIVA,ITA,"Stadio Olimpico, Roma (ITA)",HM,1144
13:19.98,Razini LEMETEKI,KEN,"Nishishina Athletic Stadium, Nobeoka (JPN)",5000m,1137
1:00:30,Razini LEMETEKI,KEN,Marugame (JPN),HM,1166
1:01:58,Reed FISCHER,USA,"Chicago, IL (USA)",HM,1108
2:11:34,Reed FISCHER,USA,"Orlando, FL (USA)",M,1134
13:27.48,Richard ETIR,KEN,"NITTAIDAI Athletic Stadium, Yokohama (JPN)",5000m,1111
59:32,Richard ETIR,KEN,Marugame (JPN),HM,1205
27:23.52,Richard YATOR,KEN,"NITTAIDAI Athletic Stadium, Yokohama (JPN)",10000m,1189
13:24.22,Richard YATOR,KEN,"Nishishina Athletic Stadium, Nobeoka (JPN)",5000m,1122
1:00:47,Richard YATOR,KEN,Lille (FRA),HM,1155
3:37.32,Robin HENDRIX,BEL,"Stedelijke Atletiekpiste, Ninove (BEL)",1500m,1143
13:16.14,Robin HENDRIX,BEL,"Estadio Iberoamericano, Huelva (ESP)",5000m,1151
28:28.33,Romain LEGENDRE,FRA,"Cobb Track and Angell Field, Palo Alto, CA (USA)",10000m,1089
3:38.40,Romain LEGENDRE,FRA,"Stade de Stehelin, Bordeaux (FRA)",1500m,1128
13:16.53,Romain LEGENDRE,FRA,"Cougar Athletic Stadium, Azusa, CA (USA)",5000m,1150
27:47.72,Ronald KWEMOI,KEN,"Hayward Field, Eugene, OR (USA)",10000m,1151
13:02.56,Ronald KWEMOI,KEN,"Egret Stadium, Xiamen (CHN)",5000m,1200
28:33.03,Roncer Kipkorir KONGA,KEN,"Nyayo National Stadium, Nairobi (KEN)",10000m,1081
59:28,Roncer Kipkorir KONGA,KEN,Barcelona (ESP),HM,1208
27:38.39,Rory LEONARD,GBR,"Parliament Hill Fields Athletics Track, London (GBR)",10000m,1165
13:29.54,Rory LEONARD,GBR,"Millennium Arena, Battersea Park, London (GBR)",5000m,1104
28:27.87,Rory LINKLETTER,CAN,"Swangard Stadium, Burnaby (CAN)",10000m,1089
1:01:02,Rory LINKLETTER,CAN,"Houston, TX (USA)",HM,1145
2:08:01,Rory LINKLETTER,CAN,Sevilla (ESP),M,1193
28:16.32,Rui AOKI,JPN,"National Stadium, Tokyo (JPN)",10000m,1107
1:02:06,Rui AOKI,JPN,"Showa Park, Tachikawa (JPN)",HM,1103
27:40.80,Ryan FORD,USA,"Parliament Hill Fields Athletics Track, London (GBR)",10000m,1162
13:30.68,Ryan FORD,USA,"Cougar Athletic Stadium, Azusa, CA (USA)",5000m,1100
1:02:00,Ryo MATSUMOTO,JPN,"Ishin Me-Life Stadium, Yamaguchi (JPN)",HM,1107
2:12:06,Ryo MATSUMOTO,JPN,Tokyo (JPN),M,1126
28:06.46,Ryo SAITO,JPN,"Honjo Athletic Stadium, Kitakyushu (JPN)",10000m,1122
1:02:08,Ryo SAITO,JPN,"Ishin Me-Life Stadium, Yamaguchi (JPN)",HM,1102
3:39.12,Ryoma AOKI,JPN,"Boston Univ. Track & Tennis Center, Boston, MA (USA) (i)",1500m,1169
8:24.21,Ryoma AOKI,JPN,"Denka Big Swan Stadium, Niigata (JPN)",3000mSC,1148
3:39.78,Ryuji MIURA,JPN,"Egao Kenko Stadium, Kumamoto (JPN)",1500m,1109
8:10.52,Ryuji MIURA,JPN,"Stade Charléty, Paris (FRA)",3000mSC,1209
13:31.61,Ryuji MIURA,JPN,"Athletics Stadium, Fukagawa (JPN)",5000m,1096
27:56.82,Ryuto IGAWA,JPN,"Prefectural Shizuoka Stadium, Fukuroi (JPN)",10000m,1137
13:27.71,Ryuto IGAWA,JPN,"NITTAIDAI Athletic Stadium, Yokohama (JPN)",5000m,1110
3:38.65,Sam PARSONS,GER,"JSerra Catholic HS, San Juan Capistrano, CA (USA)",1500m,1125
13:19.70,Sam PARSONS,GER,"Boston Univ. Track & Tennis Center, Boston, MA (USA) (i)",5000m,1188
27:41.81,Samson NDIRANGU,KEN,"Egao Kenko Stadium, Kumamoto (JPN)",10000m,1160
13:20.29,Samson NDIRANGU,KEN,"Municipal Stadium, Kitami (JPN)",5000m,1136
1:01:17,Samuel FITWI SIBHATU,GER,"Stadio Olimpico, Roma (ITA)",HM,1135
2:06:27,Samuel FITWI SIBHATU,GER,Dubai (UAE),M,1220
28:28.93,Samuel FREIRE,CPV,"Estádio Municipal das Caldas da Rainha, Caldas da Rainha (POR)",10000m,1088
2:11:01,Samuel FREIRE,CPV,Sevilla (ESP),M,1143
3:34.91,Samuel PRAKEL,USA,"Stadion Allmend, Luzern (SUI)",1500m,1176
13:22.15,Samuel PRAKEL,USA,"Boston Univ. Track & Tennis Center, Boston, MA (USA) (i)",5000m,1179
3:32.81,Samuel TEFERA,ETH,"Estadio Enrique Lopez Cuenca, Nerja (ESP)",1500m,1205
12:55.78,Samuel TEFERA,ETH,"Bislett Stadion, Oslo (NOR)",5000m,1225
28:17.60,Saul ACOSTA,MEX,"Cobb Track and Angell Field, Palo Alto, CA (USA)",10000m,1105
2:13:22,Saul ACOSTA,MEX,"Houston, TX (USA)",M,1105
28:23.25,Scott BEATTIE,GBR,"Parliament Hill Fields Athletics Track, London (GBR)",10000m,1096
3:39.71,Scott BEATTIE,GBR,"Tooting Bec Athletics Track, London (GBR)",1500m,1110
13:19.41,Scott BEATTIE,GBR,"Parc des Sports, Maisons-Laffitte (FRA)",5000m,1139
3:33.67,Sean MCGORTY,USA,"Billy J. Murphy Track and Field Complex, Memphis, TN (USA)",1500m,1193
13:18.27,Sean MCGORTY,USA,"Hayward Field, Eugene, OR (USA)",5000m,1144
26:34.93,Selemon BAREGA,ETH,"Estadio Enrique Lopez Cuenca, Nerja (ESP)",10000m,1267
3:37.50,Selemon BAREGA,ETH,"Stadium Miramas Métropole, Miramas (FRA) (i)",1500m,1192
12:51.60,Selemon BAREGA,ETH,"Drake Stadium, Los Angeles, CA (USA)",5000m,1241
28:11.17,Shadrack RONO,KEN,"Prefectural Stadium, Kumagaya (JPN)",10000m,1115
13:21.55,Shadrack RONO,KEN,"Egao Kenko Stadium, Kumamoto (JPN)",5000m,1132
1:01:08,Shin KIMURA,JPN,"Ishin Me-Life Stadium, Yamaguchi (JPN)",HM,1141
2:07:34,Shin KIMURA,JPN,Tokyo (JPN),M,1201
1:01:56,Shoma HOSOYA,JPN,"Ishin Me-Life Stadium, Yamaguchi (JPN)",HM,1110
2:09:05,Shoma HOSOYA,JPN,Osaka (JPN),M,1175
28:31.55,Shunta UCHIDA,JPN,"NITTAIDAI Athletic Stadium, Yokohama (JPN)",10000m,1084
1:01:45,Shunta UCHIDA,JPN,"Ishin Me-Life Stadium, Yamaguchi (JPN)",HM,1117
28:18.26,Shunya KIKUCHI,JPN,"Prefectural Shizuoka Stadium, Fukuroi (JPN)",10000m,1104
13:29.88,Shunya KIKUCHI,JPN,"NITTAIDAI Athletic Stadium, Yokohama (JPN)",5000m,1103
1:00:57,Shunya KIKUCHI,JPN,"Ishin Me-Life Stadium, Yamaguchi (JPN)",HM,1148
2:10:50,Shunya KIKUCHI,JPN,Tokyo (JPN),M,1146
27:42.72,Simon BEDARD,FRA,"Parliament Hill Fields Athletics Track, London (GBR)",10000m,1159
13:15.46,Simon BEDARD,FRA,"Parc des Sports, Maisons-Laffitte (FRA)",5000m,1154
28:11.16,Simon SUNDSTRÖM,SWE,"JSerra Catholic HS, San Juan Capistrano, CA (USA)",10000m,1115
8:17.15,Simon SUNDSTRÖM,SWE,"Olympiastadion, Stockholm (SWE)",3000mSC,1179
28:17.75,Sodai SHIMIZU,JPN,"Prefectural Shizuoka Stadium, Fukuroi (JPN)",10000m,1105
1:01:26,Sodai SHIMIZU,JPN,Marugame (JPN),HM,1129
1:02:09,Stan NIESTEN,NED,"Atletiekstadium Gentbrugge, Gentbrugge (BEL)",HM,1101
2:10:10,Stan NIESTEN,NED,Rotterdam (NED),M,1157
27:07.37,Stanley Waithaka MBURU,KEN,"Hayward Field, Eugene, OR (USA)",10000m,1214
13:18.67,Stanley Waithaka MBURU,KEN,"Bislett Stadion, Oslo (NOR)",5000m,1142
1:01:21,Stephen KIPROP,KEN,Guadalajara (MEX),HM,1133
2:07:04,Stephen KIPROP,KEN,Daegu (KOR),M,1209
27:41.52,Stephen MUTHINI,KEN,"National Stadium, Tokyo (JPN)",10000m,1160
13:30.09,Stephen MUTHINI,KEN,"Egao Kenko Stadium, Kumamoto (JPN)",5000m,1102
3:35.44,Stewart MCSWEYN,AUS,"Stadion De Veen, Heusden-Zolder (BEL)",1500m,1168
12:56.07,Stewart MCSWEYN,AUS,"Drake Stadium, Los Angeles, CA (USA)",5000m,1224
1:02:09,Suldan HASSAN,SWE,"Stadio Olimpico, Roma (ITA)",HM,1101
2:07:36,Suldan HASSAN,SWE,Sevilla (ESP),M,1200
26:46.80,Tadese WORKU,ETH,"Estadio Enrique Lopez Cuenca, Nerja (ESP)",10000m,1247
13:02.56,Tadese WORKU,ETH,"FBK Stadium, Hengelo (NED)",5000m,1200
27:34.30,Tadesse GETAHON,ISR,"Parliament Hill Fields Athletics Track, London (GBR)",10000m,1172
1:01:01,Tadesse GETAHON,ISR,Den Haag (NED),HM,1146
1:01:33,Tadu ABATE,ETH,Guadalajara (MEX),HM,1125
2:06:18,Tadu ABATE,ETH,Wuxi (CHN),M,1222
28:26.78,Tai DINGER,USA,"JSerra Catholic HS, San Juan Capistrano, CA (USA)",10000m,1091
13:23.34,Tai DINGER,USA,"Lincoln HS, Portland, OR (USA)",5000m,1126
28:13.15,Taisei KIYONO,JPN,"Athletic Track, Abashiri (JPN)",10000m,1112
1:01:53,Taisei KIYONO,JPN,Osaka (JPN),HM,1112
27:49.86,Takashi ICHIDA,JPN,"Prefectural Shizuoka Stadium, Fukuroi (JPN)",10000m,1147
13:30.08,Takashi ICHIDA,JPN,"NITTAIDAI Athletic Stadium, Yokohama (JPN)",5000m,1102
2:10:12,Takashi ICHIDA,JPN,Tokyo (JPN),M,1157
1:01:53,Takashi SOMA,JPN,Osaka (JPN),HM,1112
2:10:46,Takashi SOMA,JPN,Nobeoka (JPN),M,1148
1:01:30,Takayuki IIDA,JPN,"Ishin Me-Life Stadium, Yamaguchi (JPN)",HM,1127
2:13:18,Takayuki IIDA,JPN,Osaka (JPN),M,1106
28:26.38,Takuya KITASAKI,JPN,"Athletics Stadium, Shibetsu (JPN)",10000m,1092
2:13:44,Takuya KITASAKI,JPN,Osaka (JPN),M,1099
28:30.68,Tatsuya MARUYAMA,JPN,"Athletic Track, Abashiri (JPN)",10000m,1085
13:31.95,Tatsuya MARUYAMA,JPN,"Athletics Stadium, Shibetsu (JPN)",5000m,1095
1:01:13,Tatsuya MARUYAMA,JPN,Marugame (JPN),HM,1138
2:07:52,Tatsuya MARUYAMA,JPN,Osaka (JPN),M,1196
28:21.60,Tatsuya TSUNASHIMA,JPN,"Athletic Track, Abashiri (JPN)",10000m,1099
1:01:55,Tatsuya TSUNASHIMA,JPN,"Ishin Me-Life Stadium, Yamaguchi (JPN)",HM,1110
1:00:17,Tebello RAMAKONGOANA,LES,"Two Harbors to Duluth,, Duluth, MN (USA)",HM,1175
2:08:09,Tebello RAMAKONGOANA,LES,Osaka (JPN),M,1191
3:38.69,Theo QUAX,NZL,"Jack Kemp Stadium, Los Angeles, CA (USA)",1500m,1124
13:16.83,Theo QUAX,NZL,"Boston Univ. Track & Tennis Center, Boston, MA (USA) (i)",5000m,1199
27:26.57,Thierry NDIKUMWENAYO,ESP,"Pistes d'atletisme Gaetà Huguet, Castellón (ESP)",10000m,1184
12:48.10,Thierry NDIKUMWENAYO,ESP,"Bislett Stadion, Oslo (NOR)",5000m,1254
3:37.87,Thomas RATCLIFFE,USA,"JSerra Catholic HS, San Juan Capistrano, CA (USA)",1500m,1135
13:14.64,Thomas RATCLIFFE,USA,"Boston Univ. Track & Tennis Center, Boston, MA (USA) (i)",5000m,1207
1:02:07,Timothy KIPCHUMBA,KEN,Lisboa (POR),HM,1103
2:08:22,Timothy KIPCHUMBA,KEN,Padova (ITA),M,1187
1:01:55,Timothy KIPLAGAT,KEN,Gifu (JPN),HM,1110
2:02:55,Timothy KIPLAGAT,KEN,Tokyo (JPN),M,1281
1:01:57,Titus Kimutai KIPKOSGEI,KEN,Riga (LAT),HM,1109
2:07:12,Titus Kimutai KIPKOSGEI,KEN,Milano (ITA),M,1207
28:21.89,Tommy BRADY,USA,"Cobb Track and Angell Field, Palo Alto, CA (USA)",10000m,1098
13:24.16,Tommy BRADY,USA,"Boston Univ. Track & Tennis Center, Boston, MA (USA) (i)",5000m,1172
27:20.94,Tomoki OTA,JPN,"Prefectural Shizuoka Stadium, Fukuroi (JPN)",10000m,1193
13:23.81,Tomoki OTA,JPN,"National Stadium, Tokyo (JPN)",5000m,1124
3:39.16,Tomáš HABARTA,CZE,"Mestský Stadion, Ostrava (CZE)",1500m,1118
8:21.83,Tomáš HABARTA,CZE,"Stadio Olimpico, Roma (ITA)",3000mSC,1158
8:20.91,Travis MAHONEY,USA,"UVA Lanningan Field, Charlottesville, VA (USA)",3000mSC,1162
13:19.09,Travis MAHONEY,USA,"Boston Univ. Track & Tennis Center, Boston, MA (USA) (i)",5000m,1191
1:01:11,Tsubasa ICHIYAMA,JPN,Marugame (JPN),HM,1139
2:08:11,Tsubasa ICHIYAMA,JPN,Osaka (JPN),M,1191
3:39.12,Valentin BRESC,FRA,"Sportcentrum Wembley, Kortrijk (BEL)",1500m,1118
8:27.80,Valentin BRESC,FRA,"Boudewijnstadion, Bruxelles (BEL)",3000mSC,1132
27:41.37,Valentin GONDOUIN,FRA,"Parliament Hill Fields Athletics Track, London (GBR)",10000m,1161
13:14.79,Valentin GONDOUIN,FRA,"Parc des Sports, Maisons-Laffitte (FRA)",5000m,1156
1:00:59,Valentin GONDOUIN,FRA,Lille (FRA),HM,1147
28:04.93,Victor KIMUTAI,KEN,"National Stadium, Tokyo (JPN)",10000m,1124
13:23.60,Victor KIMUTAI,KEN,"Nishishina Athletic Stadium, Nobeoka (JPN)",5000m,1125
28:07.86,Victor KIPROP,KEN,"Cobb Track and Angell Field, Palo Alto, CA (USA)",10000m,1120
13:24.44,Victor KIPROP,KEN,"Cougar Athletic Stadium, Azusa, CA (USA)",5000m,1122
28:28.59,Vincent KIMUTAI,KEN,"Ulinzi Sports Complex, Langata, Nairobi (KEN)",10000m,1088
1:00:41,Vincent KIMUTAI,KEN,Milano (ITA),HM,1159
28:12.32,Vincent Kibet YEGON,KEN,"Egao Kenko Stadium, Kumamoto (JPN)",10000m,1113
13:26.05,Vincent Kibet YEGON,KEN,"Nishishina Athletic Stadium, Nobeoka (JPN)",5000m,1116
3:39.65,Víctor ORTIZ RIVERA,PUR,"Sportcentrum Wembley, Kortrijk (BEL)",1500m,1111
8:29.31,Víctor ORTIZ RIVERA,PUR,"Polideportivo Zorrotza, Bilbao (ESP)",3000mSC,1125
1:01:42,Wataru TOCHIGI,JPN,Osaka (JPN),HM,1119
2:12:54,Wataru TOCHIGI,JPN,Osaka (JPN),M,1113
28:02.55,Weldon LANGAT,KEN,"Hayward Field, Eugene, OR (USA)",10000m,1128
1:01:45,Weldon LANGAT,KEN,Ras Al Khaimah (UAE),HM,1117
28:03.42,Wesley KIPTOO,KEN,"JSerra Catholic HS, San Juan Capistrano, CA (USA)",10000m,1127
13:21.77,Wesley KIPTOO,KEN,"Lincoln HS, Portland, OR (USA)",5000m,1131
1:00:43,Wesley KIPTOO,KEN,"Houston, TX (USA)",HM,1158
26:57.57,William KINCAID,USA,"JSerra Catholic HS, San Juan Capistrano, CA (USA)",10000m,1230
13:15.14,William KINCAID,USA,"Boston Univ. Track & Tennis Center, Boston, MA (USA) (i)",5000m,1205
28:22.95,Yamato YOSHII,JPN,"Egao Kenko Stadium, Kumamoto (JPN)",10000m,1097
3:39.75,Yamato YOSHII,JPN,"Nagaragawa Stadium, Gifu (JPN)",1500m,1110
28:00.48,Yann SCHRUB,FRA,"Stadio Olimpico, Roma (ITA)",10000m,1131
3:35.84,Yann SCHRUB,FRA,"Stade Raymond Troussier, Decines (FRA)",1500m,1163
13:04.27,Yann SCHRUB,FRA,"Boudewijnstadion, Bruxelles (BEL)",5000m,1194
3:29.13,Yared NUGUSE,USA,"Stade Louis II, Monaco (MON)",1500m,1257
13:02.09,Yared NUGUSE,USA,"Boston Univ. Track & Tennis Center, Boston, MA (USA) (i)",5000m,1255
1:01:03,Yemaneberhan CRIPPA,ITA,"Stadio Olimpico, Roma (ITA)",HM,1144
2:06:06,Yemaneberhan CRIPPA,ITA,Sevilla (ESP),M,1226
3:39.10,Yoann KOWAL,FRA,"Stade de Stehelin, Bordeaux (FRA)",1500m,1119
8:30.70,Yoann KOWAL,FRA,"Parc des Sports C. Ehrmann, Nice (FRA)",3000mSC,1119
13:18.85,Yoann KOWAL,FRA,"Parc des Sports, Maisons-Laffitte (FRA)",5000m,1141
26:31.01,Yomif KEJELCHA,ETH,"Estadio Enrique Lopez Cuenca, Nerja (ESP)",10000m,1273
12:38.95,Yomif KEJELCHA,ETH,"Bislett Stadion, Oslo (NOR)",5000m,1288
1:02:00,Yoshihiro MAEDA,JPN,"Ishin Me-Life Stadium, Yamaguchi (JPN)",HM,1107
2:12:05,Yoshihiro MAEDA,JPN,Osaka (JPN),M,1126
28:11.20,Yudai KATAKAWA,JPN,"Egao Kenko Stadium, Kumamoto (JPN)",10000m,1115
1:02:06,Yudai KATAKAWA,JPN,Marugame (JPN),HM,1103
28:28.83,Yuma NISHIZAWA,JPN,"Egao Kenko Stadium, Kumamoto (JPN)",10000m,1088
1:00:54,Yuma NISHIZAWA,JPN,"Ishin Me-Life Stadium, Yamaguchi (JPN)",HM,1150
28:08.53,Yusuke NISHIYAMA,JPN,"Athletics Stadium, Fukagawa (JPN)",10000m,1119
2:06:31,Yusuke NISHIYAMA,JPN,Tokyo (JPN),M,1219
27:46.04,Yusuke TAMURA,JPN,"Prefectural Shizuoka Stadium, Fukuroi (JPN)",10000m,1153
13:23.74,Yusuke TAMURA,JPN,"Denka Big Swan Stadium, Niigata (JPN)",5000m,1124
1:01:25,Yusuke TAMURA,JPN,Marugame (JPN),HM,1130
2:09:21,Yusuke TAMURA,JPN,Tokyo (JPN),M,1171
27:45.85,Yuya YOSHIDA,JPN,"Athletic Track, Abashiri (JPN)",10000m,1154
13:30.91,Yuya YOSHIDA,JPN,"NITTAIDAI Athletic Stadium, Yokohama (JPN)",5000m,1099
2:06:37,Yuya YOSHIDA,JPN,Osaka (JPN),M,1217
28:08.85,Zach PANNING,USA,"Parliament Hill Fields Athletics Track, London (GBR)",10000m,1118
2:10:50,Zach PANNING,USA,"Orlando, FL (USA)",M,1146
27:46.55,Zakariya MAHAMED,GBR,"Parliament Hill Fields Athletics Track, London (GBR)",10000m,1153
13:24.83,Zakariya MAHAMED,GBR,"Estadio Iberoamericano, Huelva (ESP)",5000m,1120
1:00:41,Zouhair TALBI,MAR,"New York, NY (USA)",HM,1159
2:06:39,Zouhair TALBI,MAR,"Houston, TX (USA)",M,1216
