,Athlete ID,Athlete Name,Activity ID,Activity Name,Description,Start Date,Elapsed Time,Type,Location,Distance (mi),Pace (min/mi),Time
0,25760238,Peter Lynch,12876214254,Morning Run,,2024-11-11 14:24:32+00:00,4173,Run,"Cary, USA",8.21,6.88,56m 34s
1,25760238,Peter Lynch,10551896125,Morning Run,,2024-01-13 16:02:56+00:00,6510,Run,"Tulsa, USA",18.06,5.97,1h 47m
2,25760238,Peter Lynch,10534305690,"3 x (2mile, 1mile)","10:10s, 4:35s",2024-01-10 21:32:51+00:00,6790,Run,"Bixby, USA",15.44,6.07,1h 33m
3,25760238,Peter Lynch,10579187839,MLR*,*maxâ€™s long run,2024-01-17 22:01:34+00:00,5191,Run,"Tulsa, USA",12.01,6.82,1h 21m
4,25760238,Peter Lynch,10564757698,Morning Run,,2024-01-15 16:03:00+00:00,4118,Run,"Tulsa, USA",10.0,6.83,1h 8m
5,25760238,Peter Lynch,10649157463,Morning Run,,2024-01-28 14:11:33+00:00,7260,Run,"Osage County, USA",19.11,6.28,2h 0m
6,25760238,Peter Lynch,10696159067,Morning Run,,2024-02-04 15:03:30+00:00,4275,Run,"Tulsa, USA",10.04,6.93,1h 9m
7,25760238,Peter Lynch,10688713093,Morning Run,,2024-02-03 14:01:11+00:00,6414,Run,"Tulsa, USA",16.07,6.57,1h 45m
8,25760238,Peter Lynch,10683796066,Afternoon Run,,2024-02-02 21:45:31+00:00,6855,Run,"Bixby, USA",14.0,6.27,1h 27m
9,25760238,Peter Lynch,10674349530,Morning Run,,2024-02-01 12:32:30+00:00,5436,Run,"Tulsa, USA",12.01,7.25,1h 27m
10,25760238,Peter Lynch,10669169970,Morning Run,,2024-01-31 16:42:09+00:00,5013,Run,"Tulsa, USA",12.0,6.87,1h 22m
11,25760238,Peter Lynch,10664363435,"2k, 4x800, 4x400","5:21, 2:07,2:05,2:07,2:05, 59,59,58,57
BU 5k next weekend ğŸ•ºğŸ»",2024-01-30 21:14:59+00:00,8105,Run,"Tulsa, USA",12.89,7.32,1h 34m
12,25760238,Peter Lynch,10743129259,BU 5k,"Raced it pretty well, got the W. Excited to get into some more big training before outdoors. 5th on the Irish indoor all time list.",2024-02-11 02:00:58+00:00,811,Run,,3.1,4.35,13m 31s
13,25760238,Peter Lynch,10723888122,Afternoon Run,,2024-02-08 20:29:52+00:00,3466,Run,"Boston, USA",8.01,6.75,54m 3s
14,25760238,Peter Lynch,10714863041,Morning Run,,2024-02-07 12:17:10+00:00,6863,Run,"Tulsa, USA",10.85,7.6,1h 22m
15,25760238,Peter Lynch,10714848751,Morning Run,,2024-02-06 13:33:58+00:00,4578,Run,"Tulsa, USA",11.0,6.87,1h 15m
16,25760238,Peter Lynch,10714835630,Morning Run,,2024-02-05 13:32:47+00:00,4291,Run,"Tulsa, USA",10.04,6.87,1h 9m
17,25760238,Peter Lynch,10835775983,Morning Run,,2024-02-18 15:00:00+00:00,4920,Run,,12.0,6.83,1h 22m
18,25760238,Peter Lynch,10835351926,Morning Run,,2024-02-25 14:16:46+00:00,4269,Run,"Tulsa, USA",10.21,6.9,1h 10m
19,25760238,Peter Lynch,10828318874,Box Ranch,Beautiful morning with the boys,2024-02-24 14:59:56+00:00,6319,Run,"Sapulpa, USA",18.01,5.85,1h 45m
20,25760238,Peter Lynch,10824034421,Afternoon Run,,2024-02-23 21:33:07+00:00,2116,Run,"Tulsa, USA",5.0,7.02,35m 11s
21,25760238,Peter Lynch,10820443610,Morning Run,,2024-02-23 14:13:39+00:00,828,Run,"Tulsa, USA",2.17,6.37,13m 48s
22,25760238,Peter Lynch,10820434319,Morning Run,,2024-02-23 13:22:23+00:00,3010,Run,"Tulsa, USA",10.0,5.02,50m 10s
23,25760238,Peter Lynch,10820005438,Morning Run,,2024-02-23 12:44:54+00:00,1267,Run,"Tulsa, USA",2.96,7.12,21m 7s
24,25760238,Peter Lynch,10814264655,Morning Run,,2024-02-22 13:01:17+00:00,5530,Run,"Tulsa, USA",12.5,6.93,1h 26m
25,25760238,Peter Lynch,10807462862,Morning Run,,2024-02-21 12:31:09+00:00,5197,Run,"Tulsa, USA",12.01,6.88,1h 22m
26,25760238,Peter Lynch,10804273904,Afternoon Run,,2024-02-20 23:19:06+00:00,2163,Run,"Tulsa, USA",5.01,7.02,35m 12s
27,25760238,Peter Lynch,10800652306,Morning Run,,2024-02-20 13:34:36+00:00,3961,Run,"Tulsa, USA",11.47,5.68,1h 5m
28,25760238,Peter Lynch,10797635934,Morning Run,,2024-02-19 14:03:33+00:00,4802,Run,"Tulsa, USA",11.03,6.9,1h 16m
29,25760238,Peter Lynch,10892781132,Lunch Run,,2024-03-03 17:07:35+00:00,3443,Run,"Tulsa, USA",8.01,6.93,55m 34s
30,25760238,Peter Lynch,10875053510,Morning Run,Bad day to be a long run at box,2024-03-02 14:00:59+00:00,5949,Run,"Sapulpa, USA",17.01,5.78,1h 38m
31,25760238,Peter Lynch,10870698421,Afternoon Run,,2024-03-01 22:06:30+00:00,2213,Run,"Tulsa, USA",5.0,6.83,34m 11s
32,25760238,Peter Lynch,10868498200,"Workout - 8x800s , 2k","Watch died - 2:08/2:09s , 68s 
Nice to have company with Ben and Luke â˜ºï¸",2024-03-01 15:22:55+00:00,4932,Run,,13.7,6.0,1h 22m
33,25760238,Peter Lynch,10870691644,Morning Run,,2024-02-29 12:32:51+00:00,3438,Run,"Tulsa, USA",8.0,7.0,56m 1s
34,25760238,Peter Lynch,10858370718,Afternoon Run,,2024-02-28 23:14:38+00:00,5450,Run,"Tulsa, USA",12.93,6.25,1h 20m
35,25760238,Peter Lynch,10854477508,Morning Run,,2024-02-28 12:49:52+00:00,2185,Run,"Tulsa, USA",5.02,7.08,35m 34s
36,25760238,Peter Lynch,10847566283,Morning Run,,2024-02-27 12:47:51+00:00,5244,Run,"Tulsa, USA",12.04,6.92,1h 23m
37,25760238,Peter Lynch,10847556789,Afternoon Run,,2024-02-26 22:04:10+00:00,3988,Run,"Tulsa, USA",9.04,6.85,1h 1m
38,25760238,Peter Lynch,10930602994,Morning Run,,2024-03-10 13:15:48+00:00,4289,Run,"Fort Worth, USA",10.12,6.68,1h 7m
39,25760238,Peter Lynch,10922858519,Morning Run,,2024-03-09 11:44:41+00:00,6019,Run,"Tulsa, USA",15.0,6.65,1h 39m
40,25760238,Peter Lynch,10916714615,Morning Run,,2024-03-08 14:32:36+00:00,901,Run,"Tulsa, USA",2.02,7.4,15m 1s
41,25760238,Peter Lynch,10916712732,kâ€™s and 2kâ€™s,Sound 10k in LA next weekend ğŸ•ºğŸ»,2024-03-08 12:37:32+00:00,5347,Run,"Tulsa, USA",9.23,6.58,1h 0m
42,25760238,Peter Lynch,10909839338,Morning Run (not with Malte),2 incredible loops become 1 incredible loop ğŸ¤¯ğŸ¤¯,2024-03-07 13:05:35+00:00,4285,Run,"Tulsa, USA",10.0,6.97,1h 9m
43,25760238,Peter Lynch,10904954683,Afternoon Run,,2024-03-06 19:04:30+00:00,708,Run,,1.1,10.73,11m 48s
44,25760238,Peter Lynch,10904941360,Lunch Run,*10,2024-03-06 17:55:59+00:00,4524,Run,"Tulsa, USA",8.95,6.98,1h 2m
45,25760238,Peter Lynch,10898975418,Afternoon Run,,2024-03-05 22:00:48+00:00,2732,Run,"Tulsa, USA",6.57,6.7,44m 5s
46,25760238,Peter Lynch,10896124377,Miles and 300s,,2024-03-05 12:39:05+00:00,8028,Run,"Tulsa, USA",15.3,7.12,1h 49m
47,25760238,Peter Lynch,10889059749,Morning Run,,2024-03-04 15:19:16+00:00,4683,Run,"Tulsa, USA",11.05,6.82,1h 15m
48,25760238,Peter Lynch,10981455224,Morning Run,,2024-03-17 15:19:43+00:00,5974,Run,"Santa Ana Country Club, USA",14.03,6.68,1h 33m
49,25760238,Peter Lynch,10975911329,Evening Run,,2024-03-17 03:56:32+00:00,1327,Run,"San Juan Capistrano, USA",2.52,8.75,22m 3s
50,25760238,Peter Lynch,10981878296,Sound Runningâ€™s The TEN,"10 sec PB. 5th in the second heat. 
5th Irish all time. Happy with the form, and to start off the outdoor season with a good race. Should be good enough for European Champs in Rome in June ğŸ¤ğŸ»",2024-03-17 03:08:01+00:00,1669,Run,,6.21,4.48,27m 49s
51,25760238,Peter Lynch,10975705195,Evening Run,,2024-03-17 02:17:19+00:00,1045,Run,"San Juan Capistrano, USA",2.3,7.55,17m 25s
52,25760238,Peter Lynch,10974719329,Lunch Run,,2024-03-16 18:52:30+00:00,931,Run,"Santa Ana Country Club, USA",2.02,7.15,14m 27s
53,25760238,Peter Lynch,10964330261,Morning Run,,2024-03-15 11:40:04+00:00,3780,Run,"Tulsa, USA",6.41,7.13,45m 45s
54,25760238,Peter Lynch,10957759328,Morning Run,,2024-03-14 12:30:30+00:00,3607,Run,"Tulsa, USA",8.3,6.92,57m 27s
55,25760238,Peter Lynch,10950483584,Morning Run,,2024-03-13 11:28:09+00:00,7003,Run,"Tulsa, USA",10.0,7.28,1h 12m
56,25760238,Peter Lynch,10946896944,Afternoon Run,,2024-03-12 21:32:36+00:00,4389,Run,"Tulsa, USA",10.0,6.93,1h 9m
57,25760238,Peter Lynch,10940113360,Afternoon Run,,2024-03-11 22:58:24+00:00,4800,Run,,11.2,7.15,1h 20m
58,25760238,Peter Lynch,11029815764,Morning Run,,2024-03-24 13:46:44+00:00,4663,Run,"Tulsa, USA",11.27,6.8,1h 16m
59,25760238,Peter Lynch,11022048063,Morning Run,,2024-03-23 13:02:04+00:00,6477,Run,"Osage County, USA",16.0,6.7,1h 47m
60,25760238,Peter Lynch,11017222386,Afternoon Run,,2024-03-22 21:33:56+00:00,2234,Run,"Tulsa, USA",5.0,7.08,35m 27s
61,25760238,Peter Lynch,11015649608,Lunch Run,,2024-03-22 16:36:16+00:00,1684,Run,"Tulsa, USA",4.01,6.83,27m 22s
62,25760238,Peter Lynch,11015646501,Back in the trenches with Shuaib,Progression 10,2024-03-22 15:42:27+00:00,3148,Run,"Tulsa, USA",10.01,5.23,52m 28s
63,25760238,Peter Lynch,11015640828,Morning Run,,2024-03-22 15:07:46+00:00,1307,Run,"Tulsa, USA",3.02,7.2,21m 47s
64,25760238,Peter Lynch,11008017918,Morning Run,,2024-03-21 13:03:43+00:00,4717,Run,"Tulsa, USA",11.0,7.0,1h 16m
65,25760238,Peter Lynch,11008032920,Afternoon Run,,2024-03-20 20:47:57+00:00,2199,Run,"Tulsa, USA",5.03,7.17,36m 3s
66,25760238,Peter Lynch,11008011789,Morning Run,,2024-03-20 12:45:01+00:00,5897,Run,"Tulsa, USA",10.5,6.88,1h 12m
67,25760238,Peter Lynch,11008002583,Afternoon Run,,2024-03-19 22:24:10+00:00,3830,Run,"Tulsa, USA",10.05,6.02,1h 0m
68,25760238,Peter Lynch,11007995899,Morning Run,,2024-03-18 14:00:50+00:00,3395,Run,,8.38,6.63,55m 35s
69,25760238,Peter Lynch,11077370558,Morning Run,,2024-03-31 14:03:07+00:00,4361,Run,"Tulsa, USA",10.0,6.97,1h 9m
70,25760238,Peter Lynch,11070561038,Morning Run,Fartlek - Steady - Fartlek - Steady,2024-03-30 14:07:00+00:00,7235,Run,"Osage County, USA",20.51,5.85,2h 0m
71,25760238,Peter Lynch,11065521478,Afternoon Run,,2024-03-29 21:51:29+00:00,2270,Run,"Tulsa, USA",5.13,7.02,36m 4s
72,25760238,Peter Lynch,11062182938,Morning Run,,2024-03-29 13:02:31+00:00,4922,Run,"Tulsa, USA",11.01,7.17,1h 18m
73,25760238,Peter Lynch,11058637739,Afternoon Run,,2024-03-28 22:57:52+00:00,5041,Run,"Tulsa, USA",12.01,6.82,1h 21m
74,25760238,Peter Lynch,11054940169,Morning Run,,2024-03-27 12:21:18+00:00,5487,Run,"Tulsa, USA",13.0,6.85,1h 29m
75,25760238,Peter Lynch,11045155041,"The ole 4mile, 2mile, mile",A Cormac Dalton favorite,2024-03-26 21:05:57+00:00,6531,Run,"Tulsa, USA",13.55,6.07,1h 22m
76,25760238,Peter Lynch,11035249896,Morning Run,â€œA long slow run is like a massage for your legsâ€ - Ryan Root,2024-03-25 12:41:44+00:00,4551,Run,"Tulsa, USA",9.0,7.57,1h 8m
77,25760238,Peter Lynch,11134826277,Morning Run,,2024-04-07 15:36:20+00:00,3436,Run,"Tulsa, USA",8.0,7.0,55m 59s
78,25760238,Peter Lynch,11134820614,Morning Run,,2024-04-06 11:47:38+00:00,6325,Run,"Tulsa, USA",16.01,6.53,1h 44m
79,25760238,Peter Lynch,11106794435,Morning Run,,2024-04-04 13:30:00+00:00,1260,Run,,3.0,7.0,21m 0s
80,25760238,Peter Lynch,11104951337,Tempo with my fave,,2024-04-04 12:28:19+00:00,3016,Run,"Tulsa, USA",10.0,5.02,50m 16s
81,25760238,Peter Lynch,11104945034,Morning Run,,2024-04-04 11:47:22+00:00,1330,Run,"Tulsa, USA",3.01,7.35,22m 10s
82,25760238,Peter Lynch,11100983578,Afternoon Run,,2024-04-03 21:01:18+00:00,2226,Run,"Tulsa, USA",4.96,7.02,34m 48s
83,25760238,Peter Lynch,11097846623,Morning Run,,2024-04-03 12:04:09+00:00,5309,Run,"Tulsa, USA",12.03,7.1,1h 25m
84,25760238,Peter Lynch,11093908490,Afternoon Run,,2024-04-02 21:11:16+00:00,2391,Run,"Tulsa, USA",5.42,7.05,38m 12s
85,25760238,Peter Lynch,11090474381,Morning Run,,2024-04-02 12:05:32+00:00,5050,Run,"Tulsa, USA",12.0,6.83,1h 22m
86,25760238,Peter Lynch,11083610737,Morning Run,,2024-04-01 12:09:21+00:00,4517,Run,"Tulsa, USA",10.0,7.07,1h 10m
87,25760238,Peter Lynch,11184554673,Afternoon Ride,,2024-04-14 22:23:11+00:00,4700,Ride,"Tulsa, USA",20.59,,1h 14m
88,25760238,Peter Lynch,11181951140,Morning Run,,2024-04-14 13:06:32+00:00,4186,Run,"Tulsa, USA",10.0,6.87,1h 8m
89,25760238,Peter Lynch,11173092872,Loop,,2024-04-13 13:02:33+00:00,7265,Run,"Osage County, USA",18.34,6.53,1h 59m
90,25760238,Peter Lynch,11167646976,Afternoon Run,,2024-04-12 22:45:12+00:00,2368,Run,"Tulsa, USA",5.0,6.87,34m 22s
91,25760238,Peter Lynch,11164179456,Morning Run,,2024-04-12 11:46:06+00:00,4333,Run,"Tulsa, USA",12.08,5.98,1h 12m
92,25760238,Peter Lynch,11164256332,Afternoon Run,,2024-04-11 22:31:35+00:00,2149,Run,"Tulsa, USA",5.01,7.03,35m 13s
93,25760238,Peter Lynch,11156834308,Morning Run,,2024-04-11 11:32:04+00:00,5209,Run,"Tulsa, USA",11.74,6.92,1h 21m
94,25760238,Peter Lynch,11149452540,Morning Run,,2024-04-10 12:02:12+00:00,5074,Run,"Tulsa, USA",12.16,6.8,1h 22m
95,25760238,Peter Lynch,11141799050,Morning Run,,2024-04-09 11:55:39+00:00,7024,Run,"Tulsa, USA",12.19,7.55,1h 32m
96,25760238,Peter Lynch,11134836518,Morning Run,,2024-04-08 12:42:33+00:00,5136,Run,"Tulsa, USA",12.23,6.75,1h 22m
97,25760238,Peter Lynch,11238677522,Morning Run,,2024-04-21 13:00:06+00:00,4206,Run,"Tulsa, USA",10.0,6.93,1h 9m
98,25760238,Peter Lynch,11225198771,Morning Run,,2024-04-20 14:10:00+00:00,6241,Run,"Tulsa, USA",16.0,6.35,1h 41m
99,25760238,Peter Lynch,11217756779,Morning Run,,2024-04-19 14:54:49+00:00,5028,Run,"Tulsa, USA",12.01,6.08,1h 13m
100,25760238,Peter Lynch,11209766365,Morning Run,,2024-04-18 12:02:20+00:00,4800,Run,"Tulsa, USA",11.0,7.07,1h 17m
101,25760238,Peter Lynch,11206900779,Afternoon Run,,2024-04-17 22:51:00+00:00,2255,Run,"Tulsa, USA",5.04,7.23,36m 29s
102,25760238,Peter Lynch,11206898663,"2 x mile, 2 x 800, 4x400","4:19, 4:18, 2:06, 2:05, 60, 59, 58, 60",2024-04-17 11:38:20+00:00,7204,Run,"Tulsa, USA",12.09,7.48,1h 30m
103,25760238,Peter Lynch,11187465795,Morning Run,,2024-04-15 12:02:10+00:00,4442,Run,"Tulsa, USA",10.3,6.98,1h 12m
104,25760238,Peter Lynch,11285438455,Morning Run,,2024-04-28 15:05:20+00:00,4429,Run,"Tulsa, USA",10.04,7.18,1h 12m
105,25760238,Peter Lynch,11277391423,Morning Run,,2024-04-27 14:56:20+00:00,6869,Run,"Palo Alto, USA",17.01,6.63,1h 52m
106,25760238,Peter Lynch,11277374847,Night Run,,2024-04-27 04:49:15+00:00,1198,Run,"Santa Clara County, USA",2.65,7.38,19m 37s
107,25760238,Peter Lynch,11277371492,Evening Run,,2024-04-27 03:31:50+00:00,1295,Run,"Santa Clara County, USA",2.57,7.87,20m 17s
108,25760238,Peter Lynch,11270254107,Lunch Run,,2024-04-26 18:31:17+00:00,1078,Run,"Palo Alto, USA",1.76,7.4,13m 6s
109,25760238,Peter Lynch,11270251969,Lunch Run,,2024-04-25 19:53:08+00:00,3362,Run,"Santa Clara County, USA",6.58,6.92,45m 33s
110,25760238,Peter Lynch,11264463871,Morning Run,,2024-04-24 12:08:11+00:00,4209,Run,"Tulsa, USA",10.0,6.77,1h 7m
111,25760238,Peter Lynch,11250022400,Afternoon Run,,2024-04-23 20:53:58+00:00,6567,Run,"Tulsa, USA",11.01,7.3,1h 20m
112,25760238,Peter Lynch,11238681610,Morning Run,,2024-04-22 12:17:11+00:00,4722,Run,"Tulsa, USA",11.0,6.78,1h 14m
113,25760238,Peter Lynch,11341725856,Afternoon Run,,2024-05-05 20:48:02+00:00,2191,Run,"Louisville, USA",5.0,7.0,35m 4s
114,25760238,Peter Lynch,11338412526,Morning Run,,2024-05-05 12:42:49+00:00,3442,Run,"Jeffersonville, USA",8.01,7.17,57m 22s
115,25760238,Peter Lynch,11333038405,Afternoon Run,Ran around Churchill Downs.. either everyone was dressed up to watch my long run or there was some sort of horse race onâ€¦ ğŸ¤·â€â™‚ï¸,2024-05-04 18:19:55+00:00,7489,Run,"Louisville, USA",18.0,6.6,1h 58m
116,25760238,Peter Lynch,11322545017,Morning Run,,2024-05-03 11:24:59+00:00,7897,Run,"Tulsa, USA",14.01,7.32,1h 42m
117,25760238,Peter Lynch,11315303979,Morning Run,,2024-05-02 12:33:02+00:00,4725,Run,"Tulsa, USA",11.0,6.95,1h 16m
118,25760238,Peter Lynch,11307561459,Morning Run,,2024-05-01 12:33:01+00:00,4758,Run,"Tulsa, USA",11.0,7.0,1h 17m
119,25760238,Peter Lynch,11302522786,Afternoon Run,,2024-04-30 21:09:34+00:00,2255,Run,"Tulsa, USA",5.08,7.12,36m 9s
120,25760238,Peter Lynch,11298427271,Morning Run,,2024-04-30 12:00:50+00:00,4111,Run,"Tulsa, USA",11.0,6.22,1h 8m
121,25760238,Peter Lynch,11290888210,Morning Run,,2024-04-29 12:33:31+00:00,4841,Run,"Tulsa, USA",11.01,7.02,1h 17m
122,25760238,Peter Lynch,11394042702,Morning Run,,2024-05-12 13:06:56+00:00,4501,Run,"Tulsa, USA",10.0,7.28,1h 12m
123,25760238,Peter Lynch,11385978026,Morning Run,,2024-05-11 12:38:25+00:00,7416,Run,"Tulsa, USA",17.86,6.77,2h 0m
124,25760238,Peter Lynch,11380583200,Afternoon Run,,2024-05-10 22:34:27+00:00,2094,Run,"Tulsa, USA",5.01,6.78,33m 59s
125,25760238,Peter Lynch,11377359272,The Cormac Dalton Special (plus some dessert),"4mile, 2mile, 1mile 
2x (200,400,200)
Big Pow on the bike / tunes",2024-05-10 11:38:50+00:00,8167,Run,"Tulsa, USA",17.01,6.35,1h 48m
126,25760238,Peter Lynch,11369377623,Morning Run,,2024-05-09 12:17:52+00:00,5152,Run,"Tulsa, USA",12.0,7.02,1h 24m
127,25760238,Peter Lynch,11364685410,Afternoon Run,,2024-05-08 20:31:05+00:00,2290,Run,"Tulsa, USA",5.02,7.35,36m 56s
128,25760238,Peter Lynch,11360762344,Light workout w/ Christian,,2024-05-08 10:58:37+00:00,5559,Run,"Tulsa, USA",11.0,7.17,1h 18m
129,25760238,Peter Lynch,11356647572,Afternoon Run,Run + strides with malte and Phil,2024-05-07 17:26:18+00:00,3908,Run,,8.01,7.1,56m 51s
130,25760238,Peter Lynch,11348589928,Afternoon Run,,2024-05-06 21:22:32+00:00,2082,Run,"Louisville, USA",4.37,7.02,30m 42s
131,25760238,Peter Lynch,11345440514,Morning Run,,2024-05-06 12:35:49+00:00,4117,Run,"Louisville, USA",9.27,6.85,1h 3m
132,25760238,Peter Lynch,11502024312,Hot run w/ Bruno ğŸ¥µ,,2024-05-26 11:59:31+00:00,4453,Run,"Tulsa, USA",10.0,7.22,1h 12m
133,25760238,Peter Lynch,11494021550,Morning Run,,2024-05-25 11:55:25+00:00,6873,Run,"Tulsa, USA",18.0,6.3,1h 53m
134,25760238,Peter Lynch,11486318735,Morning Run,,2024-05-24 12:06:38+00:00,5207,Run,"Tulsa, USA",12.0,7.05,1h 24m
135,25760238,Peter Lynch,11482464898,Afternoon Run,,2024-05-23 22:19:53+00:00,2193,Run,"Tulsa, USA",5.0,6.85,34m 15s
136,25760238,Peter Lynch,11478989632,42 laps for breakfast ğŸ˜‹,"4x100, 2x200,
2x4mile
2x200,400,200

Pow helping on the bike again ğŸ¤ŒğŸ»ğŸ¤ŒğŸ»",2024-05-23 12:18:58+00:00,6379,Run,"Tulsa, USA",14.21,6.27,1h 28m
137,25760238,Peter Lynch,11479422672,Warmup,,2024-05-23 11:45:00+00:00,1260,Run,,3.0,7.0,21m 0s
138,25760238,Peter Lynch,11471260315,Morning Run,,2024-05-22 12:46:40+00:00,4966,Run,"Tulsa, USA",12.01,6.73,1h 20m
139,25760238,Peter Lynch,11463220683,Morning Run,,2024-05-21 11:52:08+00:00,5966,Run,"Tulsa, USA",12.48,7.2,1h 29m
140,25760238,Peter Lynch,11455237405,Morning Run,,2024-05-20 11:53:14+00:00,5217,Run,"Tulsa, USA",11.01,7.03,1h 17m
141,25760238,Peter Lynch,11557425383,Morning Run,,2024-06-02 15:02:10+00:00,3743,Run,"Tulsa, USA",9.0,6.62,59m 37s
142,25760238,Peter Lynch,11547380978,Morning Run,,2024-06-01 11:06:51+00:00,6645,Run,"Tulsa, USA",16.01,6.82,1h 49m
143,25760238,Peter Lynch,11540355795,Morning Run,,2024-05-31 12:26:43+00:00,4203,Run,"Tulsa, USA",10.01,6.77,1h 7m
144,25760238,Peter Lynch,11532578100,Morning Run,,2024-05-30 12:19:00+00:00,4276,Run,"Tulsa, USA",10.0,6.87,1h 8m
145,25760238,Peter Lynch,11528422230,Afternoon Run,,2024-05-29 21:43:11+00:00,2218,Run,"Tulsa, USA",5.01,6.82,34m 8s
146,25760238,Peter Lynch,11525011221,Last workout in Tulsa ??? ğŸ¥ºğŸ¥º,"Thanks to Shay for pacing while on his break ğŸ¤ŒğŸ»
1k, 2k, then 1k, 800,600,400 windups.
10,000m at European Champs in Rome in 2 weeks ğŸ¤ŒğŸ»ğŸ¤ŒğŸ»ğŸ‡®ğŸ‡¹ğŸ",2024-05-29 11:56:38+00:00,6557,Run,"Tulsa, USA",11.53,7.4,1h 25m
147,25760238,Peter Lynch,11516927768,Morning Run,,2024-05-28 12:36:51+00:00,4951,Run,"Tulsa, USA",11.01,6.85,1h 15m
148,25760238,Peter Lynch,11509991562,Morning Run,,2024-05-27 13:40:59+00:00,420,Run,,1.0,7.0,7m 0s
149,25760238,Peter Lynch,11509986733,Morning Run,,2024-05-27 12:35:09+00:00,4337,Run,"Tulsa, USA",10.0,7.07,1h 10m
150,25760238,Peter Lynch,11613316549,Roma,,2024-06-09 15:03:42+00:00,3594,Run,"Rome, Italy",8.19,7.12,58m 16s
151,25760238,Peter Lynch,11602365649,Morning Run,,2024-06-08 09:45:16+00:00,4900,Run,"The Municipal District of Kilkenny City, Ireland",10.85,6.93,1h 15m
152,25760238,Peter Lynch,11593999426,Morning Run,,2024-06-07 07:21:46+00:00,4078,Run,"The Municipal District of Kilkenny City, Ireland",9.73,6.88,1h 6m
153,25760238,Peter Lynch,11593995279,Morning Run,,2024-06-06 07:22:36+00:00,5519,Run,"The Municipal District of Kilkenny City, Ireland",12.01,6.92,1h 23m
154,25760238,Peter Lynch,11581221049,Doggy Double,,2024-06-05 16:32:05+00:00,1718,Run,"The Municipal District of Castlecomer, Ireland",4.14,6.67,27m 37s
155,25760238,Peter Lynch,11578656143,Morning Run,,2024-06-05 08:36:12+00:00,6011,Run,"The Municipal District of Kilkenny City, Ireland",11.42,6.98,1h 19m
156,25760238,Peter Lynch,11571800018,Afternoon Run,,2024-06-04 13:40:35+00:00,3662,Run,"The Municipal District of Kilkenny City, Ireland",8.29,6.72,55m 41s
157,25760238,Peter Lynch,11667541185,Afternoon Run,,2024-06-16 15:09:32+00:00,2543,Run,"The Municipal District of Kilkenny City, Ireland",6.17,6.68,41m 16s
158,25760238,Peter Lynch,11658148859,Morning Ride,,2024-06-15 07:51:18+00:00,14309,Ride,"The Municipal District of Castlecomer, Ireland",56.3,,3h 24m
159,25760238,Peter Lynch,11651240777,Afternoon Ride,"10 x (Rain, Sun)",2024-06-14 13:55:15+00:00,5654,Ride,"The Municipal District of Castlecomer, Ireland",24.28,,1h 30m
160,25760238,Peter Lynch,11644138877,Morning Run,,2024-06-13 08:10:12+00:00,4109,Run,"Rome, Italy",8.24,7.48,1h 1m
161,25760238,Peter Lynch,11644131278,Night Run,,2024-06-12 20:51:51+00:00,1058,Run,"Rome, Italy",2.0,,16m 52s
162,25760238,Peter Lynch,11644129157,Evening Run,,2024-06-12 18:34:07+00:00,1339,Run,"Rome, Italy",2.78,7.33,20m 25s
163,25760238,Peter Lynch,11634201399,Afternoon Run,,2024-06-12 11:03:31+00:00,918,Run,"Rome, Italy",2.01,7.55,15m 14s
164,25760238,Peter Lynch,11625558886,Lunch Run,,2024-06-11 09:28:27+00:00,3201,Run,"Rome, Italy",5.35,7.25,38m 51s
165,25760238,Peter Lynch,11618058485,Morning Run,,2024-06-10 08:46:17+00:00,2824,Run,"Rome, Italy",6.21,7.18,44m 39s
166,25760238,Peter Lynch,11788526764,Morning Run,,2024-06-22 05:55:18+00:00,2711,Run,"Letterkenny Municipal District, Ireland",6.13,6.97,42m 45s
167,25760238,Peter Lynch,11695724564,Morning Run,,2024-06-20 08:04:36+00:00,5249,Run,"The Municipal District of Kilkenny City, Ireland",12.02,6.92,1h 23m
168,25760238,Peter Lynch,11690493308,Afternoon Ride,,2024-06-19 14:35:53+00:00,6116,Ride,"The Municipal District of Castlecomer, Ireland",27.9,,1h 40m
169,25760238,Peter Lynch,11687587189,Morning Run,,2024-06-19 07:39:28+00:00,5028,Run,"The Municipal District of Kilkenny City, Ireland",12.16,6.78,1h 22m
170,25760238,Peter Lynch,11679320794,Morning Run,,2024-06-18 08:29:27+00:00,3141,Run,"The Municipal District of Castlecomer, Ireland",8.0,6.48,51m 54s
171,25760238,Peter Lynch,11671420680,Morning Run,,2024-06-17 07:45:36+00:00,4867,Run,"The Municipal District of Kilkenny City, Ireland",11.0,7.08,1h 17m
172,25760238,Peter Lynch,11788594415,Morning Run,,2024-06-30 09:57:43+00:00,4167,Run,"The Municipal District of Kilkenny City, Ireland",10.11,6.72,1h 8m
173,25760238,Peter Lynch,11788586916,Morning Run,,2024-06-29 08:02:21+00:00,6177,Run,"The Municipal District of Kilkenny City, Ireland",16.41,6.23,1h 42m
174,25760238,Peter Lynch,11788575591,Morning Run,,2024-06-28 07:16:34+00:00,4530,Run,"The Municipal District of Kilkenny City, Ireland",10.02,6.95,1h 9m
175,25760238,Peter Lynch,11788566021,Morning Run,,2024-06-27 07:37:58+00:00,6527,Run,"The Municipal District of Kilkenny City, Ireland",14.77,6.2,1h 31m
176,25760238,Peter Lynch,11746776728,Evening Ride,,2024-06-26 17:57:23+00:00,4563,Ride,"The Municipal District of Castlecomer, Ireland",22.29,,1h 15m
177,25760238,Peter Lynch,11788555265,Morning Run,,2024-06-26 07:39:05+00:00,3550,Run,"The Municipal District of Kilkenny City, Ireland",8.5,6.95,59m 3s
178,25760238,Peter Lynch,11788546697,Morning Run,,2024-06-25 07:40:14+00:00,5432,Run,"The Municipal District of Kilkenny City, Ireland",12.03,6.95,1h 23m
179,25760238,Peter Lynch,11788536652,Afternoon Run,,2024-06-24 16:40:20+00:00,4896,Run,"The Municipal District of Kilkenny City, Ireland",12.28,6.47,1h 19m
180,25760238,Peter Lynch,11832593430,Morning Run,,2024-07-07 16:50:47+00:00,4233,Run,"Mammoth Lakes, USA",9.22,7.1,1h 5m
181,25760238,Peter Lynch,11823845530,Morning Run,,2024-07-06 14:41:22+00:00,8039,Run,"Mammoth Lakes, USA",18.92,6.55,2h 3m
182,25760238,Peter Lynch,11816592744,Morning Run,,2024-07-05 17:00:00+00:00,3600,Run,,8.57,7.0,1h 0m
183,25760238,Peter Lynch,11797000092,Morning Run,,2024-07-03 08:00:05+00:00,5177,Run,"The Municipal District of Kilkenny City, Ireland",12.21,7.02,1h 25m
184,25760238,Peter Lynch,11788610297,Morning Run,,2024-07-02 07:29:54+00:00,6238,Run,"The Municipal District of Kilkenny City, Ireland",13.34,6.47,1h 26m
185,25760238,Peter Lynch,11788601492,Afternoon Run,,2024-07-01 16:31:21+00:00,4402,Run,"The Municipal District of Kilkenny City, Ireland",11.01,6.52,1h 11m
186,25760238,Peter Lynch,11889177416,Morning Run,,2024-07-14 17:41:41+00:00,4461,Run,"Mammoth Lakes, USA",10.01,7.38,1h 13m
187,25760238,Peter Lynch,11880245361,Lunch Run,,2024-07-13 18:10:12+00:00,1049,Run,"Mono County, USA",2.09,8.27,17m 19s
188,25760238,Peter Lynch,11880243888,1 week down,,2024-07-13 15:57:00+00:00,6583,Run,"Mono County, USA",18.17,5.68,1h 43m
189,25760238,Peter Lynch,11880232060,Morning Run,,2024-07-13 15:03:18+00:00,2830,Run,"Mono County, USA",2.07,7.88,16m 21s
190,25760238,Peter Lynch,11874236752,Morning Run,,2024-07-12 16:39:59+00:00,4551,Run,"Mammoth Lakes, USA",10.32,7.25,1h 14m
191,25760238,Peter Lynch,11866904383,Evening Run,,2024-07-12 01:07:05+00:00,2426,Run,"Mammoth Lakes, USA",5.05,7.82,39m 26s
192,25760238,Peter Lynch,11857138815,Morning Run,,2024-07-10 15:58:33+00:00,4309,Run,"Mammoth Lakes, USA",9.57,7.32,1h 10m
193,25760238,Peter Lynch,11850623167,Afternoon Run,,2024-07-10 00:33:28+00:00,2365,Run,"Mammoth Lakes, USA",5.0,7.6,38m 5s
194,25760238,Peter Lynch,11847684644,Morning Run,,2024-07-09 16:43:44+00:00,1378,Run,"Mono County, USA",3.14,7.25,22m 49s
195,25760238,Peter Lynch,11847677472,Morning Run,,2024-07-09 15:34:49+00:00,2584,Run,"Mono County, USA",7.99,5.38,43m 4s
196,25760238,Peter Lynch,11847668262,Morning Run,,2024-07-09 14:42:25+00:00,1361,Run,"Mono County, USA",3.04,7.43,22m 41s
197,25760238,Peter Lynch,11840512612,Morning Run,,2024-07-08 15:52:18+00:00,4712,Run,"Mammoth Lakes, USA",10.02,7.18,1h 12m
198,25760238,Peter Lynch,11945692599,Morning Run,,2024-07-21 15:56:49+00:00,2304,Run,"Mammoth Lakes, USA",5.23,7.33,38m 24s
199,25760238,Peter Lynch,11929442594,Morning Run,,2024-07-19 16:34:51+00:00,4317,Run,"Mammoth Lakes, USA",9.52,7.37,1h 10m
200,25760238,Peter Lynch,11923774976,Afternoon Run,,2024-07-19 00:05:46+00:00,2836,Run,"Mammoth Lakes, USA",5.75,6.98,40m 10s
201,25760238,Peter Lynch,11913832035,Morning Run,,2024-07-17 16:14:27+00:00,5565,Run,"Mammoth Lakes, USA",9.9,7.63,1h 15m
202,25760238,Peter Lynch,11906637441,Afternoon Run,,2024-07-17 00:15:22+00:00,2062,Run,"Mammoth Lakes, USA",5.0,,34m 22s
203,25760238,Peter Lynch,11896599368,Morning Run,,2024-07-15 16:27:20+00:00,4216,Run,"Mono County, USA",10.0,6.97,1h 9m
204,25760238,Peter Lynch,12006725675,Afternoon Run,,2024-07-29 00:37:37+00:00,2270,Run,"Mammoth Lakes, USA",5.0,,37m 16s
205,25760238,Peter Lynch,12004547129,Morning Run,,2024-07-28 16:25:20+00:00,4143,Run,"Mammoth Lakes, USA",10.01,6.67,1h 6m
206,25760238,Peter Lynch,11997905818,Afternoon Ride,,2024-07-27 23:34:22+00:00,2501,Ride,"Mammoth Lakes, USA",9.8,,39m 21s
207,25760238,Peter Lynch,11986326746,Morning Run,,2024-07-26 13:29:16+00:00,4460,Run,"Mammoth Lakes, USA",10.01,7.02,1h 10m
208,25760238,Peter Lynch,11982106704,Afternoon Ride,,2024-07-25 23:39:06+00:00,3188,Ride,"Mammoth Lakes, USA",13.72,,50m 40s
209,25760238,Peter Lynch,11979805546,Morning Run,,2024-07-25 16:18:19+00:00,4377,Run,"Mammoth Lakes, USA",10.05,7.2,1h 12m
210,25760238,Peter Lynch,11974053899,Evening Run,,2024-07-25 01:00:13+00:00,2230,Run,"Mammoth Lakes, USA",5.01,,35m 58s
211,25760238,Peter Lynch,11971667718,Morning Run,,2024-07-24 16:22:08+00:00,4715,Run,"Mono County, USA",11.0,6.88,1h 15m
212,25760238,Peter Lynch,11974222931,Morning Run,,2024-07-22 16:00:56+00:00,4320,Run,,10.0,7.2,1h 12m
213,25760238,Peter Lynch,12060563057,Morning Run,,2024-08-04 12:22:16+00:00,4304,Run,"Cape Elizabeth, USA",10.25,6.63,1h 8m
214,25760238,Peter Lynch,12060552911,Morning Run,,2024-08-03 14:01:51+00:00,1429,Run,"Cape Elizabeth, USA",3.17,7.47,23m 44s
215,25760238,Peter Lynch,12052042084,Beach to Beacon,10th,2024-08-03 13:11:57+00:00,1747,Run,"Cape Elizabeth, USA",6.19,4.7,29m 7s
216,25760238,Peter Lynch,12052021439,Morning Run,,2024-08-03 12:17:24+00:00,1249,Run,"Cape Elizabeth, USA",3.01,6.9,20m 49s
217,25760238,Peter Lynch,12043961189,Morning Run,,2024-08-02 12:49:02+00:00,2037,Run,"Cape Elizabeth, USA",4.56,7.1,32m 21s
218,25760238,Peter Lynch,12029283051,Morning Run,,2024-07-31 15:52:21+00:00,5071,Run,"Mono County, USA",9.05,7.03,1h 3m
219,25760238,Peter Lynch,12022155396,Morning Run,,2024-07-30 15:30:00+00:00,4609,Run,,11.0,6.98,1h 16m
220,25760238,Peter Lynch,12014782969,Afternoon Run,,2024-07-30 00:54:05+00:00,2257,Run,"Mammoth Lakes, USA",5.0,,36m 58s
221,25760238,Peter Lynch,12011705292,4 x 3x400,,2024-07-29 15:17:27+00:00,6707,Run,"Mono County, USA",10.53,7.38,1h 17m
222,25760238,Peter Lynch,12157719585,Afternoon Ride,Couple crit laps to finish,2024-08-15 20:50:49+00:00,3644,Ride,"Durham County, USA",17.14,,58m 10s
223,25760238,Peter Lynch,12222612635,Morning Run,,2024-08-23 13:24:41+00:00,4979,Run,"Durham County, USA",11.4,6.7,1h 16m
224,25760238,Peter Lynch,12200024005,Afternoon Ride,,2024-08-20 21:31:11+00:00,2713,Ride,"Durham County, USA",13.4,,45m 13s
225,25760238,Peter Lynch,12196644603,Morning Run,,2024-08-20 13:30:42+00:00,5795,Run,"Chatham County, USA",11.57,6.47,1h 14m
226,25760238,Peter Lynch,12282177888,Morning Run,,2024-08-30 13:58:59+00:00,4313,Run,"Durham, USA",10.61,6.6,1h 10m
227,25760238,Peter Lynch,12259591223,Evening Ride,,2024-08-27 22:01:45+00:00,2738,Ride,"Durham, USA",12.16,,45m 11s
228,25760238,Peter Lynch,12255697083,Morning Run,,2024-08-27 13:00:46+00:00,4293,Run,"Chatham County, USA",10.36,6.75,1h 10m
229,25760238,Peter Lynch,12315134367,Morning Run,,2024-09-03 12:19:52+00:00,5756,Run,"Durham, USA",12.09,6.37,1h 16m
230,25760238,Peter Lynch,12400257173,Morning Run,,2024-09-13 13:36:48+00:00,4601,Run,"Cary, USA",11.37,6.6,1h 15m
231,25760238,Peter Lynch,12375915613,Morning Run,,2024-09-10 13:36:59+00:00,6015,Run,"Morrisville, USA",11.9,6.5,1h 17m
232,25760238,Peter Lynch,12368204462,Morning Run,,2024-09-09 14:46:23+00:00,4256,Run,"Durham, USA",10.47,6.68,1h 10m
233,25760238,Peter Lynch,12459180587,Morning Run,Robert Tully - zoom inâ€¦ why is my gps gone to shit lately?? Garmin robbing me of miles ğŸ¥²,2024-09-20 13:35:05+00:00,4571,Run,"Cary, USA",11.6,6.47,1h 15m
234,25760238,Peter Lynch,12516531296,Monsoon Season,Actual footage from todays run:,2024-09-27 14:09:46+00:00,3984,Run,"Durham, USA",9.98,6.57,1h 5m
235,25760238,Peter Lynch,12509254163,Morning Run,,2024-09-26 13:57:13+00:00,4001,Run,"Chatham County, USA",9.94,6.65,1h 6m
236,25760238,Peter Lynch,12590799063,â€œLong runâ€,Seems like only yesterday I was getting my arse handed to me by Fiona in mammoth. Chicago next weekend,2024-10-06 13:06:36+00:00,5521,Run,"B. Everett Jordan Project, USA",13.81,6.52,1h 30m
237,25760238,Peter Lynch,12565826761,Morning Run,,2024-10-03 13:47:57+00:00,3848,Run,"Durham County, USA",8.84,7.08,1h 2m
238,25760238,Peter Lynch,12541729224,Lunch Run,,2024-09-30 15:44:02+00:00,3551,Run,"Durham County, USA",8.56,6.8,58m 15s
239,25760238,Peter Lynch,12647089678,Wellâ€¦ debuted ğŸ¤·â€â™‚ï¸,"Had some stopping and  walking in there after my legs decided to cramp up a couple times. 
65:15 at halfway and felt good until around 18-20 miles, with the last 4 miles pretty rough. Definitely not happy with the outcome but pleased with the work Iâ€™ve put in the last 3 months.. not sure whatâ€™s next yet but excited for whatever it is. Shoutout to Alex who smashed it with a 2:11!",2024-10-13 12:30:01+00:00,8260,Run,"Chicago, USA",26.33,5.23,2h 17m
240,25760238,Peter Lynch,12813749939,Morning Run,,2024-11-03 13:17:41+00:00,4208,Run,"Durham County, USA",11.0,6.37,1h 10m
241,25760238,Peter Lynch,12807900152,Afternoon Ride,,2024-11-02 19:37:07+00:00,4513,Ride,"Durham County, USA",24.08,,1h 14m
242,25760238,Peter Lynch,12805493431,Morning Run,,2024-11-02 13:51:27+00:00,3642,Run,"Durham, USA",8.3,7.22,59m 56s
243,25760238,Peter Lynch,12798439939,Watching ACCâ€™s,,2024-11-01 12:48:12+00:00,4054,Run,"Cary, USA",8.75,6.92,1h 0m
244,25760238,Peter Lynch,12782278394,Morning Ride,,2024-10-30 13:49:51+00:00,6269,Ride,"Durham County, USA",32.28,,1h 36m
245,25760238,Peter Lynch,12776687924,Afternoon Ride,,2024-10-29 20:10:16+00:00,3889,Ride,"B. Everett Jordan Project, USA",22.47,,1h 4m
246,25760238,Peter Lynch,12869191017,Morning Run,,2024-11-10 14:17:55+00:00,4840,Run,"Durham, USA",12.25,6.53,1h 20m
247,25760238,Peter Lynch,12854803778,Afternoon Ride,,2024-11-08 21:11:30+00:00,1846,Ride,"Durham County, USA",8.48,,28m 22s
248,25760238,Peter Lynch,12845169269,Morning Run,,2024-11-07 14:19:14+00:00,3677,Run,"Durham County, USA",8.84,6.82,1h 0m
249,25760238,Peter Lynch,12838330054,Morning Run,,2024-11-06 14:36:51+00:00,3988,Run,"Durham County, USA",9.3,6.98,1h 5m
250,25760238,Peter Lynch,12829758742,Hills pay the bills,,2024-11-05 14:36:29+00:00,1722,Run,"Durham, USA",3.34,6.58,22m 1s
251,25760238,Peter Lynch,12822010750,Morning Run,,2024-11-04 15:36:53+00:00,4973,Run,"Durham County, USA",9.96,6.78,1h 7m
252,25386511,Carlee Hansen,11070426988,Morning Run,,2024-03-30 16:06:22+00:00,623,Run,"Alameda County, USA",1.12,8.9,10m 2s
253,25386511,Carlee Hansen,11362034109,Morning Run,,2024-05-08 15:29:41+00:00,1904,Run,"Provo, USA",3.03,8.52,25m 50s
254,25386511,Carlee Hansen,11479714431,Morning Run,,2024-05-16 15:21:15+00:00,607358,Run,"Provo, USA",3.47,8.05,28m 0s
255,25386511,Carlee Hansen,11480156313,Lunch Run,,2024-05-23 16:04:22+00:00,3358,Run,"Provo, USA",6.09,9.08,55m 23s
256,7075179,Remyo Tielsema,10509971391,120â€™ lange duurloop ğŸ‘Œ,"Koud, maar echt heerlijk om te lopen â˜ºï¸ğŸ˜€",2024-01-07 08:03:08+00:00,7302,Run,"Utrecht, Netherlands",18.9,6.35,2h 0m
257,7075179,Remyo Tielsema,10506999914,Krachttraining ğŸ‹ï¸â€â™€ï¸,,2024-01-06 17:41:44+00:00,2885,WeightTraining,,48.0,,245 Cal
258,7075179,Remyo Tielsema,10502692461,40â€™ ğŸ˜€,,2024-01-06 06:34:28+00:00,2459,Run,"Utrecht, Netherlands",6.22,6.52,40m 36s
259,7075179,Remyo Tielsema,10499519315,4 x 15 min p: 2 min ğŸ“ˆğŸ”¥,Nu al een top hoge week gedraaid voor Egmond Halve Marathon ğŸ’ªğŸ»ğŸ™ğŸ‘‘ğŸ‘‘ğŸ‘‘ğŸ‘‘,2024-01-05 14:49:25+00:00,5414,Run,"Utrecht, Netherlands",16.2,5.53,1h 29m
260,7075179,Remyo Tielsema,10497402115,Ochtendloop ğŸŒ§ï¸,,2024-01-05 09:14:12+00:00,2410,Run,"Utrecht, Netherlands",5.63,6.67,37m 31s
261,7075179,Remyo Tielsema,10490655511,42â€™,,2024-01-04 08:00:20+00:00,2648,Run,"Utrecht, Netherlands",6.27,6.75,42m 22s
262,7075179,Remyo Tielsema,10486509764,11 x 1000 p: 200 ğŸ”¥,Ik had er zin in ğŸ’ªğŸ»â˜ºï¸,2024-01-03 14:34:51+00:00,5278,Run,"Utrecht, Netherlands",13.56,5.8,1h 18m
263,7075179,Remyo Tielsema,10484056310,Ochtendloop ğŸ˜—,,2024-01-03 07:52:34+00:00,2539,Run,"Utrecht, Netherlands",6.23,6.7,41m 43s
264,7075179,Remyo Tielsema,10481191916,Krachttraining ğŸ˜™,,2024-01-02 18:23:55+00:00,2562,WeightTraining,,42.0,,
265,7075179,Remyo Tielsema,10480806749,Loopband ğŸ˜‰,,2024-01-02 17:33:36+00:00,2413,Run,,7.0,5.73,40m 13s
266,7075179,Remyo Tielsema,10474928431,20 x 200 p: 1 min,,2024-01-01 16:29:36+00:00,3930,Run,"Utrecht, Netherlands",9.75,6.28,1h 1m
267,7075179,Remyo Tielsema,10559434920,Zwift - Cadence Pyramid in Paris,Even benen losmaken met mijn nieuwe aankoop ğŸ¥¹â˜ºï¸,2024-01-14 18:36:59+00:00,2725,VirtualRide,,10.73,,45m 25s
268,7075179,Remyo Tielsema,10556926406,Uitlopen,,2024-01-14 12:50:44+00:00,1209,Run,"Bergen, Netherlands",2.45,8.18,20m 5s
269,7075179,Remyo Tielsema,10556924245,"Egmond Halve Marathon, 11de overal ğŸ’ªğŸ»","Blijft een gruwelijk evenement, goede test waar ik sta na Valencia ğŸ’ªğŸ». Dank Ronald Cockx voor de laatste 4 km ğŸ™. Respect voor Lucas Nieuweboer",2024-01-14 11:25:18+00:00,3970,Run,"Bergen, Netherlands",12.92,5.12,1h 6m
270,7075179,Remyo Tielsema,10555554437,Inlopen,,2024-01-14 10:36:08+00:00,1190,Run,"Bergen, Netherlands",2.52,7.42,18m 42s
271,7075179,Remyo Tielsema,10554562109,Goedemorgen Egmond ğŸ¤™,,2024-01-14 07:23:32+00:00,609,Run,"Bergen, Netherlands",1.43,7.08,10m 9s
272,7075179,Remyo Tielsema,10547594234,34â€™,,2024-01-13 06:31:20+00:00,2048,Run,"Utrecht, Netherlands",4.98,6.77,33m 41s
273,7075179,Remyo Tielsema,10544197000,Middagloop ğŸ˜‰,"Loslopen met wat tempoâ€™s voor Egmond, 4 x 2 min p: 3 min ğŸ¤ŸğŸ”¥",2024-01-12 14:59:41+00:00,2599,Run,"Utrecht, Netherlands",6.96,6.12,42m 36s
274,7075179,Remyo Tielsema,10536343555,Klein beetje kracht ğŸ¤™,,2024-01-11 10:29:48+00:00,939,WeightTraining,,15.0,,
275,7075179,Remyo Tielsema,10536232191,Ochtendloop ğŸ™‚,,2024-01-11 09:39:39+00:00,2616,Run,"Utrecht, Netherlands",6.25,6.65,41m 36s
276,7075179,Remyo Tielsema,10529369649,"Nieuwe schoen testen voor zondag, zin in!!ğŸ™ğŸ”¥","Begin al te wennen aan de kou ğŸ˜œ. Laatste baantraining voor Egmond Halve Marathon met 5 x (600, 400, 200) p/sp: 200m",2024-01-10 07:24:30+00:00,4626,Run,"Utrecht, Netherlands",12.26,6.15,1h 15m
277,7075179,Remyo Tielsema,10525906732,Avondsessie krachttraining ğŸ‘Œ,,2024-01-09 17:22:03+00:00,3363,WeightTraining,,56.0,,
278,7075179,Remyo Tielsema,10522440624,Ochtendloop ğŸ¥¶ğŸ˜€,,2024-01-09 06:42:54+00:00,2190,Run,"Utrecht, Netherlands",5.2,6.57,34m 7s
279,7075179,Remyo Tielsema,10518483983,45â€™,,2024-01-08 15:12:19+00:00,2843,Run,"Utrecht, Netherlands",7.01,6.45,45m 13s
280,7075179,Remyo Tielsema,10516760755,Ochtendloop ğŸ¥¶,"14 min in-, 7 x 1 km p: 1 min, daarna 5 x 150 ğŸ”¥ p: 150 wandelen, 15 min uitlopen ğŸ¤ŸğŸ‘‘",2024-01-08 09:09:35+00:00,4057,Run,"Utrecht, Netherlands",10.61,6.08,1h 4m
281,7075179,Remyo Tielsema,10600206910,130â€™ lange duurloop ğŸ˜€ğŸ¤Ÿ,,2024-01-21 09:10:51+00:00,7910,Run,"Utrecht, Netherlands",20.79,6.25,2h 10m
282,7075179,Remyo Tielsema,10592093230,Ochtendloop â˜€ï¸,,2024-01-20 06:31:57+00:00,2475,Run,"Utrecht, Netherlands",6.23,6.55,40m 46s
283,7075179,Remyo Tielsema,10589862391,14 x 1 min heuvel op,,2024-01-19 17:44:40+00:00,4378,Run,"Utrecht, Netherlands",10.29,6.55,1h 7m
284,7075179,Remyo Tielsema,10587043558,Ochtendloop ğŸ˜‰,,2024-01-19 08:59:16+00:00,2884,Run,"Utrecht, Netherlands",6.72,6.83,45m 58s
285,7075179,Remyo Tielsema,10582744214,Zwift - Watopia's Waistband in Watopia,,2024-01-18 14:51:37+00:00,3053,VirtualRide,,17.59,,50m 53s
286,7075179,Remyo Tielsema,10581554443,Middagsessie krachttraining,,2024-01-18 11:01:05+00:00,3604,WeightTraining,,1.0,,
287,7075179,Remyo Tielsema,10580797984,Ochtendloop â˜€ï¸ğŸ¥¶,,2024-01-18 08:12:33+00:00,4011,Run,"Utrecht, Netherlands",10.23,6.45,1h 5m
288,7075179,Remyo Tielsema,10576479635,"6 X 1000m wisseltempo(200(ğŸ”¥), 200(MT),..), P= 3 min",Conclusie: nog wel een beetje marathon benen. Dat merk je wel met dit soort trainingen en ook afgelopen zondag met Egmond ğŸ˜…ğŸ˜œ,2024-01-17 14:26:06+00:00,4149,Run,"Utrecht, Netherlands",10.98,6.13,1h 7m
289,7075179,Remyo Tielsema,10574394289,Ochtendloop ğŸ§¤,,2024-01-17 07:31:19+00:00,2482,Run,"Utrecht, Netherlands",6.22,6.47,40m 12s
290,7075179,Remyo Tielsema,10567637795,71â€™,,2024-01-16 06:15:24+00:00,4373,Run,"Utrecht, Netherlands",10.79,6.55,1h 10m
291,7075179,Remyo Tielsema,10563570628,Krachttraining ğŸ‹ğŸ»â€â™‚ï¸,,2024-01-15 14:54:22+00:00,3446,WeightTraining,,57.0,,
292,7075179,Remyo Tielsema,10563254428,Middagloop(band)ğŸ˜‰,,2024-01-15 14:08:14+00:00,2402,Run,,6.64,6.02,40m 2s
293,7075179,Remyo Tielsema,10561819286,Ochtendloop â„ï¸,,2024-01-15 08:48:41+00:00,2734,Run,"Utrecht, Netherlands",6.58,6.68,44m 2s
294,7075179,Remyo Tielsema,10646082515,142â€™ lange duurloop â˜€ï¸,Leuk nieuw rondje. Voor Ã©Ã©n keer ğŸ˜‰,2024-01-28 09:15:33+00:00,8786,Run,"Utrecht, Netherlands",22.67,6.25,2h 21m
295,7075179,Remyo Tielsema,10637080682,Ochtendloop â˜€ï¸,,2024-01-27 06:26:22+00:00,2539,Run,"Utrecht, Netherlands",6.29,6.67,41m 59s
296,7075179,Remyo Tielsema,10633876230,Middagloop â˜€ï¸ğŸ‘Œ,"Soort van heuvel opğŸ˜œ: 3 X (8' MT, 2 x 54 secâ›°ï¸, 2 x 24 secâ›°ï¸), SP=2'",2024-01-26 14:52:35+00:00,5079,Run,"Utrecht, Netherlands",12.96,6.15,1h 19m
297,7075179,Remyo Tielsema,10631649438,Ochtendloop ğŸŒ§ï¸ğŸ’¨,"Echt verschrikkelijk loopweer ğŸ˜…, achja wel gedaan. ğŸ‘Œ",2024-01-26 08:10:09+00:00,2833,Run,"Utrecht, Netherlands",6.96,6.72,46m 43s
298,7075179,Remyo Tielsema,10627249361,Zwift - Greater London 8 in London,,2024-01-25 14:50:55+00:00,2759,VirtualRide,,14.99,,45m 59s
299,7075179,Remyo Tielsema,10625625385,Krachttraining ğŸ‹ï¸â€â™€ï¸,,2024-01-25 09:36:13+00:00,3586,WeightTraining,,59.0,,
300,7075179,Remyo Tielsema,10625132297,41â€™ easy ğŸ‘,,2024-01-25 07:42:20+00:00,2615,Run,"Utrecht, Netherlands",6.21,6.55,40m 45s
301,7075179,Remyo Tielsema,10622595692,10 x 1000 p: 2 min (2:55->2:53 m/km),,2024-01-24 17:42:05+00:00,8449,Run,"Amsterdam, Netherlands",12.21,6.0,1h 13m
302,7075179,Remyo Tielsema,10618656042,Ochtendloop â˜€ï¸,,2024-01-24 07:47:07+00:00,2682,Run,"Utrecht, Netherlands",6.21,6.7,41m 43s
303,7075179,Remyo Tielsema,10615168655,Krachttraining ğŸ‹ï¸â€â™€ï¸,,2024-01-23 17:23:25+00:00,3701,WeightTraining,,1.0,,
304,7075179,Remyo Tielsema,10611734976,84â€™ easy,Die sprint benen van gister voel ik wel ğŸ˜†,2024-01-23 06:07:22+00:00,5102,Run,"Utrecht, Netherlands",12.43,6.75,1h 23m
305,7075179,Remyo Tielsema,10607720111,22 x 200 (29â€™â€™) p: 200,,2024-01-22 14:20:58+00:00,4881,Run,"Utrecht, Netherlands",10.83,6.55,1h 10m
306,7075179,Remyo Tielsema,10605860797,Ochtendloop ğŸ˜‰,,2024-01-22 08:13:28+00:00,2662,Run,"Utrecht, Netherlands",6.22,6.58,40m 55s
307,7075179,Remyo Tielsema,10695735210,Uitlopen met CornÃ©,,2024-02-04 14:53:35+00:00,1404,Run,"Apeldoorn, Netherlands",3.13,7.37,23m 4s
308,7075179,Remyo Tielsema,10695365003,8 van Apeldoorn: 23:29 ğŸ’ªğŸ»,"Goede test voor volgende week, flink doorgetraind deze week dus blij hiermee!",2024-02-04 14:00:05+00:00,1433,Run,"Apeldoorn, Netherlands",4.97,4.73,23m 32s
309,7075179,Remyo Tielsema,10695375743,Inlopen met Floris,,2024-02-04 13:02:37+00:00,3113,Run,"Apeldoorn, Netherlands",3.51,8.73,30m 43s
310,7075179,Remyo Tielsema,10692088719,Ochtendloop ğŸ˜™,,2024-02-04 07:58:10+00:00,810,Run,"Utrecht, Netherlands",1.91,7.07,13m 30s
311,7075179,Remyo Tielsema,10684958690,Ochtendloop met 4 x 1 min versnellen,Morgen Acht van Apeldoorn ğŸ‘Œ,2024-02-03 07:09:38+00:00,2243,Run,"Utrecht, Netherlands",5.59,6.33,35m 30s
312,7075179,Remyo Tielsema,10681703688,42â€™,"10km, even niet op hervat gedrukt.",2024-02-02 15:56:31+00:00,2616,Run,"Utrecht, Netherlands",4.74,6.72,31m 51s
313,7075179,Remyo Tielsema,10674700376,2uur duurloop â˜€ï¸,,2024-02-01 13:09:30+00:00,7442,Run,"Utrecht, Netherlands",18.5,6.48,2h 0m
314,7075179,Remyo Tielsema,10669142922,34â€™,,2024-01-31 17:32:03+00:00,2168,Run,"Utrecht, Netherlands",5.05,6.8,34m 20s
315,7075179,Remyo Tielsema,10666376488,12 x 1000 p: 3 min,,2024-01-31 08:32:18+00:00,7304,Run,"Utrecht, Netherlands",15.98,6.38,1h 41m
316,7075179,Remyo Tielsema,10662287698,Gewichten smijten ğŸ˜‰,,2024-01-30 17:39:13+00:00,3604,WeightTraining,,1.0,,
317,7075179,Remyo Tielsema,10658395265,Ochtendloop ğŸ˜,,2024-01-30 06:14:31+00:00,4660,Run,"Utrecht, Netherlands",11.3,6.47,1h 13m
318,7075179,Remyo Tielsema,10654090804,60â€™,,2024-01-29 14:43:23+00:00,3652,Run,"Utrecht, Netherlands",9.0,6.62,59m 39s
319,7075179,Remyo Tielsema,10652431417,"7 x 1000 p: 200/1 min (3â€™01 -> 2â€™55): 300, 250, 200, 150 ğŸ”¥ p: door wandelen",,2024-01-29 09:07:01+00:00,5230,Run,"Utrecht, Netherlands",11.19,6.3,1h 10m
320,7075179,Remyo Tielsema,10741118410,NK 10km Schoorl: 29.59,Niet waar ik voor kwam. Op naar de volgende ğŸ˜‰ğŸ’ªğŸ»,2024-02-11 13:30:01+00:00,1799,Run,"Bergen, Netherlands",6.27,4.78,29m 59s
321,7075179,Remyo Tielsema,10738186820,Goedemorgen Schoorl ğŸ”¥ğŸŒ§ï¸,,2024-02-11 07:33:26+00:00,830,Run,"Bergen, Netherlands",1.86,7.28,13m 36s
322,7075179,Remyo Tielsema,10732697648,41â€™ met 4 x 1 min versnellen,"Klaar voor Groet uit Schoorl, NK 10 KM  ğŸ™ğŸ”¥ğŸ’ªğŸ»",2024-02-10 10:29:07+00:00,2551,Run,"Utrecht, Netherlands",6.59,6.23,41m 5s
323,7075179,Remyo Tielsema,10726344516,55â€™ met 8 x 1 min versnellen,,2024-02-09 09:30:05+00:00,3480,Run,"Utrecht, Netherlands",8.87,6.17,54m 45s
324,7075179,Remyo Tielsema,10715285422,"5 x (600, 400, 200) p/sp: 200",,2024-02-07 14:38:58+00:00,4348,Run,"Utrecht, Netherlands",10.94,6.13,1h 7m
325,7075179,Remyo Tielsema,10712902260,46â€™,,2024-02-07 07:16:03+00:00,2839,Run,"Utrecht, Netherlands",6.67,6.83,45m 39s
326,7075179,Remyo Tielsema,10709784455,70â€™,Kletsnat ğŸ˜…ğŸŒ§ï¸,2024-02-06 17:58:13+00:00,4296,Run,"Utrecht, Netherlands",10.91,6.47,1h 10m
327,7075179,Remyo Tielsema,10701615765,Werken aan mâ€™n Summer body ğŸ¤ª,,2024-02-05 14:56:06+00:00,3404,WeightTraining,,56.0,,
328,7075179,Remyo Tielsema,10701283160,40â€™,Sauna op de loopband ğŸ˜…ğŸ˜œ,2024-02-05 14:05:22+00:00,2441,Run,,6.74,6.03,40m 41s
329,7075179,Remyo Tielsema,10699555805,Ochtendloop ğŸ˜™,,2024-02-05 08:08:27+00:00,2761,Run,"Utrecht, Netherlands",6.36,6.72,42m 48s
330,7075179,Remyo Tielsema,10784808640,142â€™ lange (en natte) duurloop ğŸ˜…ğŸ˜—,,2024-02-18 06:45:31+00:00,8586,Run,"Utrecht, Netherlands",22.51,6.3,2h 22m
331,7075179,Remyo Tielsema,10782196933,Zwift - Triple Flat Loops in Watopia,,2024-02-17 17:55:10+00:00,3663,VirtualRide,,21.35,,1h 1m
332,7075179,Remyo Tielsema,10777331517,71â€™,,2024-02-17 06:15:24+00:00,4339,Run,"Utrecht, Netherlands",10.76,6.63,1h 11m
333,7075179,Remyo Tielsema,10773923720,"Heuvels met 4 X (6', midden, kort, kort, kort), SP=2'",,2024-02-16 14:52:56+00:00,4448,Run,"Utrecht, Netherlands",12.14,5.98,1h 12m
334,7075179,Remyo Tielsema,10771796173,Ochtendloop ğŸ™‚,,2024-02-16 08:52:10+00:00,2553,Run,"Utrecht, Netherlands",6.21,6.7,41m 41s
335,7075179,Remyo Tielsema,10769475121,Na werk - Lekker uitgestorven ğŸ‹ï¸â€â™€ï¸,,2024-02-15 20:30:08+00:00,3198,WeightTraining,,53.0,,418 Cal
336,7075179,Remyo Tielsema,10765468107,70â€™,,2024-02-15 08:52:28+00:00,4560,Run,"Utrecht, Netherlands",10.69,6.57,1h 10m
337,7075179,Remyo Tielsema,10761219853,7 x 600 p: 500m (3K tempo met 2:41 m/km),,2024-02-14 15:09:14+00:00,4713,Run,"Utrecht, Netherlands",9.58,6.38,1h 1m
338,7075179,Remyo Tielsema,10754642087,Nike Invincible 3 Summit Run Back ğŸ˜œ,Vanuit Nike European Headquarters in Hilversum de weg terug naar het hotel nuttig gebruiken qua trainingenğŸ’ªğŸ»,2024-02-13 15:41:40+00:00,4405,Run,"Hilversum, Netherlands",10.86,6.53,1h 10m
339,7075179,Remyo Tielsema,10747299174,Zwift - Figure 8 in Watopia,,2024-02-12 14:24:45+00:00,3571,VirtualRide,,18.97,,59m 31s
340,7075179,Remyo Tielsema,10745830110,68â€™,,2024-02-12 09:36:28+00:00,4244,Run,"Utrecht, Netherlands",9.94,6.83,1h 7m
341,7075179,Remyo Tielsema,10836331963,Zwift - Going Coastal in Watopia,,2024-02-25 17:42:37+00:00,2215,VirtualRide,,12.47,,36m 55s
342,7075179,Remyo Tielsema,10832389689,145â€™ lange duurloop ğŸŒ¤ï¸,Ik had er zin in â˜ºï¸ğŸ’ªğŸ»,2024-02-25 08:04:10+00:00,8781,Run,"Utrecht, Netherlands",24.01,6.07,2h 25m
343,7075179,Remyo Tielsema,10828986903,Krachtsessie at home ğŸ‹ï¸â€â™€ï¸,,2024-02-24 17:39:07+00:00,3188,WeightTraining,,53.0,,
344,7075179,Remyo Tielsema,10824331070,Ochtendloop ğŸ™‚,,2024-02-24 06:22:44+00:00,3512,Run,"Utrecht, Netherlands",8.7,6.7,58m 14s
345,7075179,Remyo Tielsema,10820643441,"Heuvels met 4 X (6' en 3 x 46â€™â€™), SP=2' ğŸ”¥ğŸ¤™",,2024-02-23 13:47:21+00:00,4675,Run,"Utrecht, Netherlands",12.46,6.05,1h 15m
346,7075179,Remyo Tielsema,10819071718,Zwift - Sugar Cookie in Watopia,,2024-02-23 08:54:06+00:00,4197,VirtualRide,,18.08,,1h 8m
347,7075179,Remyo Tielsema,10812803119,42â€™,,2024-02-22 09:13:19+00:00,2643,Run,"Utrecht, Netherlands",6.23,6.72,41m 52s
348,7075179,Remyo Tielsema,10809845180,10 x 1000 p: 200,Gezellig een keer de 1000â€™tjes met Julian Steenman ğŸ¤™,2024-02-21 17:51:51+00:00,7703,Run,"Amsterdam, Netherlands",11.33,6.2,1h 10m
349,7075179,Remyo Tielsema,10805862112,51â€™,,2024-02-21 08:02:19+00:00,3127,Run,"Utrecht, Netherlands",7.56,6.72,50m 53s
350,7075179,Remyo Tielsema,10802346344,"Oortjes vergeten ğŸ¤¨, wel gedaan âœ”ï¸",,2024-02-20 17:35:17+00:00,3933,WeightTraining,,1.0,,
351,7075179,Remyo Tielsema,10798316870,61â€™,,2024-02-20 06:19:52+00:00,3738,Run,"Utrecht, Netherlands",8.98,6.8,1h 1m
352,7075179,Remyo Tielsema,10793981291,"15 x 300, p: 100",Gemiddeld 47-48â€,2024-02-19 14:34:20+00:00,3999,Run,"Utrecht, Netherlands",9.45,6.05,57m 7s
353,7075179,Remyo Tielsema,10791968506,Ochtendloop ğŸ™‚,,2024-02-19 08:05:52+00:00,2553,Run,"Utrecht, Netherlands",6.22,6.65,41m 23s
354,7075179,Remyo Tielsema,10881993961,155â€™ lange duurloopğŸŒ¤ï¸,Ik heb ze makkelijker gehad ğŸ˜…ğŸ˜œ,2024-03-03 12:13:17+00:00,9385,Run,"Utrecht, Netherlands",24.5,6.35,2h 35m
355,7075179,Remyo Tielsema,10871574437,50â€™ ğŸŒ¤ï¸,,2024-03-02 06:19:09+00:00,3000,Run,"Utrecht, Netherlands",7.46,6.7,50m 0s
356,7075179,Remyo Tielsema,10868137572,4 x 15 min p: 2 min ğŸŒ¬ï¸ğŸ’¨ğŸ’ªğŸ»,"3â€™14, 3â€™13, 3â€™07, 3â€™03 m/km. Mentaal zo een fijne trainingen als het goed gaat ğŸ™ğŸ‘‘ğŸ‘‘ğŸ‘‘",2024-03-01 14:08:37+00:00,5248,Run,"Utrecht, Netherlands",15.63,5.5,1h 25m
357,7075179,Remyo Tielsema,10866118410,41â€™ â˜€ï¸,"Welkom adidas Supernova Rise, nieuwe voor mijn (lange) duurlopenâ˜ºï¸ğŸ¤™.",2024-03-01 07:58:36+00:00,2561,Run,"Utrecht, Netherlands",6.21,6.58,40m 53s
358,7075179,Remyo Tielsema,10860020013,"Goede voornemens weer voorbij, weer heerlijk rustig ğŸ˜œğŸ‹ï¸â€â™€ï¸",,2024-02-29 09:15:59+00:00,3675,WeightTraining,,1.0,,
359,7075179,Remyo Tielsema,10859740349,Loopband ğŸƒ,,2024-02-29 08:36:18+00:00,1811,Run,,5.48,5.5,30m 11s
360,7075179,Remyo Tielsema,10855350209,10 x 1200 p: 200 ğŸ”¥,,2024-02-28 14:33:57+00:00,5475,Run,"Utrecht, Netherlands",14.04,5.73,1h 20m
361,7075179,Remyo Tielsema,10852809212,Ochtendloop ğŸ™‚,,2024-02-28 07:26:19+00:00,2555,Run,"Utrecht, Netherlands",6.22,6.65,41m 26s
362,7075179,Remyo Tielsema,10849490479,Sessie in mijn eigen krachthonk ğŸ˜œ,,2024-02-27 18:21:47+00:00,2115,WeightTraining,,35.0,,
363,7075179,Remyo Tielsema,10849152877,Zwift - Greatest London Flat in London,,2024-02-27 17:28:52+00:00,2792,VirtualRide,,15.01,,46m 32s
364,7075179,Remyo Tielsema,10845265011,60â€™ â˜€ï¸,,2024-02-27 05:55:08+00:00,3730,Run,"Utrecht, Netherlands",9.09,6.6,1h 0m
365,7075179,Remyo Tielsema,10841049212,"2 X (100,120); 6 X 500, 5 X 400, 4 X 300, 4 X 200, P=1'/100m, SP=3'",,2024-02-26 14:04:57+00:00,5458,Run,"Utrecht, Netherlands",12.93,6.55,1h 24m
366,7075179,Remyo Tielsema,10839063934,45â€™,,2024-02-26 07:52:28+00:00,2764,Run,"Utrecht, Netherlands",6.83,6.62,45m 13s
367,7075179,Remyo Tielsema,10930971806,NN CPC Halve Marathon: 1â€™04â€46 - PRğŸ™ğŸ”¥,"Groepje met Frank Futselaar, Roy Hoornweg en Tom Hendrikse tot 12 km en daarna werd het zwaar. Omstandigheden daarna ook niet ideaal, dus helemaal Happyâ˜ºï¸!  Nu doorbouwen richting Berlijn Halve Marathon! ğŸ”¥",2024-03-10 13:00:10+00:00,3886,Run,"The Hague, Netherlands",13.19,4.92,1h 4m
368,7075179,Remyo Tielsema,10927499349,Goedemorgen Den Haag,,2024-03-10 07:35:48+00:00,935,Run,"The Hague, Netherlands",2.07,6.93,14m 22s
369,7075179,Remyo Tielsema,10920447451,36â€™ met 4 x 1 min versnellen ğŸŒ¤ï¸,Morgen NN CPC Halve Marathon Den Haag âœŒï¸ğŸ”¥,2024-03-09 06:21:27+00:00,2289,Run,"Utrecht, Netherlands",5.77,6.3,36m 25s
370,7075179,Remyo Tielsema,10916508719,56â€™ met 8 x 1 min versnellen,,2024-03-08 13:29:31+00:00,3465,Run,"Utrecht, Netherlands",9.01,6.18,55m 46s
371,7075179,Remyo Tielsema,10909779696,41â€™ â˜€ï¸,,2024-03-07 13:26:49+00:00,2526,Run,"Utrecht, Netherlands",6.25,6.52,40m 50s
372,7075179,Remyo Tielsema,10908170086,Zwift - Going Coastal in Watopia,,2024-03-07 08:51:58+00:00,1880,VirtualRide,,10.51,,31m 20s
373,7075179,Remyo Tielsema,10902821407,"5 x (600, 400, 200 p: 200) sp: 200",,2024-03-06 12:54:44+00:00,4620,Run,"Utrecht, Netherlands",11.23,6.15,1h 9m
374,7075179,Remyo Tielsema,10897349646,Krachtsessie ğŸ‹ï¸â€â™€ï¸,,2024-03-05 17:33:49+00:00,3391,WeightTraining,,56.0,,
375,7075179,Remyo Tielsema,10893388834,Ochtendloop â˜ï¸,,2024-03-05 06:19:46+00:00,2655,Run,"Utrecht, Netherlands",6.26,6.72,42m 7s
376,7075179,Remyo Tielsema,10888618918,20 x 200 p: 200 â˜€ï¸ğŸŒ,,2024-03-04 14:13:51+00:00,4639,Run,"Utrecht, Netherlands",10.34,6.43,1h 6m
377,7075179,Remyo Tielsema,10886517182,Ochtendloop ğŸ™ƒ,,2024-03-04 08:05:33+00:00,2543,Run,"Utrecht, Netherlands",6.21,6.72,41m 46s
378,7075179,Remyo Tielsema,10977904488,"42,19km lange duurloop ğŸ‘ŒğŸ˜œ",,2024-03-17 08:23:04+00:00,10185,Run,"Utrecht, Netherlands",26.21,6.35,2h 46m
379,7075179,Remyo Tielsema,10968844910,Ochtendloop ğŸ™ƒ,,2024-03-16 06:18:56+00:00,2805,Run,"Utrecht, Netherlands",6.9,6.77,46m 45s
380,7075179,Remyo Tielsema,10965600268,4 x 5km p: 2 min,ğŸ‘‘ğŸ‘‘,2024-03-15 14:52:38+00:00,5930,Run,"Utrecht, Netherlands",17.27,5.6,1h 36m
381,7075179,Remyo Tielsema,10963233582,41â€™,,2024-03-15 08:30:29+00:00,2605,Run,"Utrecht, Netherlands",6.21,6.62,41m 9s
382,7075179,Remyo Tielsema,10958190766,Zwift - Tick Tock in Watopia,,2024-03-14 14:12:20+00:00,2187,VirtualRide,,12.21,,36m 27s
383,7075179,Remyo Tielsema,10956727651,Ochtendsessie krachttraining,,2024-03-14 09:54:51+00:00,3307,WeightTraining,,55.0,,
384,7075179,Remyo Tielsema,10956353612,Ochtendloop,,2024-03-14 08:51:37+00:00,2705,Run,,7.45,6.05,45m 5s
385,7075179,Remyo Tielsema,10953246243,6 x 800 p: rondjes gras (2â€™10->2â€™08 ğŸ”¥),Gezellig weer de tempoâ€™s met de Wimpies en wat is die nieuwe adidas Takumi Sen 10 een heerlijke schoen op de baan ğŸ™ğŸ’ªğŸ»,2024-03-13 17:47:38+00:00,7940,Run,"Amsterdam, Netherlands",10.42,7.22,1h 15m
386,7075179,Remyo Tielsema,10949053064,Ochtendloop ğŸ™ƒ,,2024-03-13 08:43:22+00:00,2562,Run,"Utrecht, Netherlands",6.22,6.55,40m 47s
387,7075179,Remyo Tielsema,10941268888,75â€™,,2024-03-12 06:17:39+00:00,4558,Run,"Utrecht, Netherlands",11.28,6.65,1h 15m
388,7075179,Remyo Tielsema,10937050403,67â€™,,2024-03-11 14:48:50+00:00,4226,Run,"Utrecht, Netherlands",10.24,6.58,1h 7m
389,7075179,Remyo Tielsema,10935461585,Zwift - Country to Coastal in Makuri Islands,,2024-03-11 09:42:52+00:00,4107,VirtualRide,,20.87,,1h 8m
390,7075179,Remyo Tielsema,11028451052,Productief uitlopen/kmâ€™s maken â˜ºï¸,Lekker windje mee ğŸ’¨,2024-03-24 12:42:13+00:00,3895,Run,"Zandvoort, Netherlands",9.33,6.48,1h 0m
391,7075179,Remyo Tielsema,11027290467,Zandvoort Circuit Run 12km ğŸï¸ğŸ’¨ğŸŒ¬ï¸,"Lekkere race! Het werd een leuke boemel race met behoorlijke wind. De eindsprint verloren in een wat chaotische finish ğŸ˜‰ Maar ja, ben ik toch een marathon loper voor. ğŸ¥‰ plek en topweek gedraaid (180km) met dit als goede prikkel richting Berlijn Halve Marathon.",2024-03-24 10:46:39+00:00,2298,Run,"Zandvoort, Netherlands",7.49,5.12,38m 18s
392,7075179,Remyo Tielsema,11026564847,Inlopen ğŸï¸,,2024-03-24 10:00:44+00:00,1561,Run,"Zandvoort, Netherlands",2.57,9.2,23m 43s
393,7075179,Remyo Tielsema,11018560723,Ochtendloop ğŸŒ¤ï¸,,2024-03-23 06:15:10+00:00,2525,Run,"Utrecht, Netherlands",6.21,6.7,41m 37s
394,7075179,Remyo Tielsema,11015278203,60â€™ ğŸŒ§ï¸,,2024-03-22 15:09:56+00:00,3681,Run,"Utrecht, Netherlands",8.94,6.72,1h 0m
395,7075179,Remyo Tielsema,11013254115,12 x 45â€™â€™ heuvel op ğŸŒ§ï¸,,2024-03-22 09:07:32+00:00,3588,Run,"Utrecht, Netherlands",8.7,6.53,56m 53s
396,7075179,Remyo Tielsema,11007103844,153â€™ ğŸ‘ŒğŸ™‚,,2024-03-21 09:17:54+00:00,9398,Run,"Utrecht, Netherlands",24.23,6.33,2h 33m
397,7075179,Remyo Tielsema,11001371136,12 x 600 p: 200,,2024-03-20 15:05:13+00:00,4512,Run,"Utrecht, Netherlands",11.35,5.97,1h 7m
398,7075179,Remyo Tielsema,10998889085,Ochtendloop ğŸ™‚,,2024-03-20 08:47:07+00:00,2618,Run,"Utrecht, Netherlands",6.22,6.7,41m 40s
399,7075179,Remyo Tielsema,10995565736,Krachttraining,,2024-03-19 18:54:25+00:00,3305,WeightTraining,,55.0,,
400,7075179,Remyo Tielsema,10995100242,Zwift - Suki's Playground in Makuri Islands,,2024-03-19 18:15:35+00:00,2179,VirtualRide,,11.97,,36m 19s
401,7075179,Remyo Tielsema,10990728180,Ochtendloop ğŸ˜ƒ,,2024-03-19 06:12:40+00:00,3740,Run,"Utrecht, Netherlands",9.08,6.7,1h 0m
402,7075179,Remyo Tielsema,10986405496,8 x 1200 p: 200,,2024-03-18 14:10:05+00:00,5373,Run,"Utrecht, Netherlands",12.37,5.88,1h 12m
403,7075179,Remyo Tielsema,10984344511,42â€™,,2024-03-18 08:25:16+00:00,2575,Run,"Utrecht, Netherlands",6.23,6.68,41m 41s
404,7075179,Remyo Tielsema,11074755213,Paasbest ğŸ¥š ğŸ£ ğŸ˜,Klaar voor Berlijn ğŸ”¥ğŸ‘‘ğŸ‘‘ğŸ‘‘ğŸ‘‘,2024-03-31 08:22:28+00:00,4865,Run,"Baarn, Netherlands",14.92,5.4,1h 20m
405,7075179,Remyo Tielsema,11066340129,Ochtendloop ğŸ™ƒ,,2024-03-30 06:22:05+00:00,2554,Run,"Utrecht, Netherlands",6.35,6.7,42m 34s
406,7075179,Remyo Tielsema,11062525616,"13 X 300, P=100; SP: 2â€™30 min, 200,150,100(ğŸ”¥), P=terug wandelen",,2024-03-29 14:04:26+00:00,4350,Run,"Utrecht, Netherlands",9.73,6.82,1h 6m
407,7075179,Remyo Tielsema,11059915867,Ochtendloop â›…ï¸,,2024-03-29 08:16:50+00:00,2642,Run,"Utrecht, Netherlands",6.22,6.72,41m 52s
408,7075179,Remyo Tielsema,11055479929,Namiddagsessie krachttraining,,2024-03-28 13:37:23+00:00,3062,WeightTraining,,51.0,,
409,7075179,Remyo Tielsema,11054430741,68â€™,,2024-03-28 10:23:38+00:00,4302,Run,"Utrecht, Netherlands",10.3,6.6,1h 7m
410,7075179,Remyo Tielsema,11050822625,9 x 1200 p: 200 ğŸ’¨,,2024-03-27 17:28:54+00:00,6921,Run,"Amsterdam, Netherlands",13.22,5.85,1h 17m
411,7075179,Remyo Tielsema,11047180621,Ochtendloop ğŸ™‚,,2024-03-27 08:50:55+00:00,2751,Run,"Utrecht, Netherlands",6.73,6.62,44m 32s
412,7075179,Remyo Tielsema,11043697784,61â€™,,2024-03-26 17:51:48+00:00,3792,Run,"Utrecht, Netherlands",9.11,6.7,1h 1m
413,7075179,Remyo Tielsema,11035389194,Kracht,,2024-03-25 14:49:58+00:00,3137,WeightTraining,,52.0,,
414,7075179,Remyo Tielsema,11034972345,60â€™,,2024-03-25 13:33:44+00:00,3611,Run,,9.83,6.12,1h 0m
415,7075179,Remyo Tielsema,11033644848,Zwift - Sugar Cookie in Watopia,,2024-03-25 09:16:20+00:00,4750,VirtualRide,,24.29,,1h 19m
416,7075179,Remyo Tielsema,11125540588,Uitlopen,,2024-04-07 10:02:34+00:00,1755,Run,"Mitte, Germany",2.73,7.5,20m 31s
417,7075179,Remyo Tielsema,11124666543,Berlijn Halve Marathon ğŸ‡©ğŸ‡ª,"Allereerst wat een gaaf evenement ğŸ™ Kwam voor een PR, alleen dat zat er (voor niemand) in. Constant wind tegen en het was echt wel warm. Nu even lekker genieten van de stad! â˜€ï¸ op naar Berlijn hele? ğŸ˜‰",2024-04-07 08:05:02+00:00,3980,Run,"Mitte, Germany",13.22,5.02,1h 6m
418,7075179,Remyo Tielsema,11124057458,Inlopen,,2024-04-07 07:04:33+00:00,1542,Run,"Mitte, Germany",2.62,7.4,19m 25s
419,7075179,Remyo Tielsema,11118614212,Namiddagloop ğŸ‡©ğŸ‡ª,Met 4 x 1 min versnellen ğŸŒ¤ï¸,2024-04-06 11:48:30+00:00,2871,Run,"Mitte, Germany",6.71,6.52,43m 46s
420,7075179,Remyo Tielsema,11113046755,Guten Abend Berlin ğŸ˜œ ğŸ‡©ğŸ‡ª,57 min met 6 x 1 min versnellen,2024-04-05 16:01:35+00:00,3694,Run,"Mitte, Germany",8.72,6.57,57m 19s
421,7075179,Remyo Tielsema,11103924866,Zwift - Greater London Loop in London,,2024-04-04 10:21:57+00:00,2644,VirtualRide,,13.27,,44m 4s
422,7075179,Remyo Tielsema,11098342510,Kletsnat ğŸ˜†ğŸ˜…,"5 x (600, 400, 200) p/sp: 200",2024-04-03 13:53:58+00:00,4865,Run,"Utrecht, Netherlands",10.81,6.12,1h 6m
423,7075179,Remyo Tielsema,11095950095,Ochtendloop ğŸ™‚,,2024-04-03 07:03:05+00:00,2651,Run,"Utrecht, Netherlands",6.24,6.65,41m 28s
424,7075179,Remyo Tielsema,11092472193,Avondsessie krachttraining,,2024-04-02 17:18:02+00:00,2667,WeightTraining,,44.0,,
425,7075179,Remyo Tielsema,11091956510,36â€™,,2024-04-02 16:29:01+00:00,2276,Run,"Utrecht, Netherlands",5.41,6.62,35m 48s
426,7075179,Remyo Tielsema,11083589990,62â€™,,2024-04-01 12:42:43+00:00,3863,Run,"Utrecht, Netherlands",9.2,6.73,1h 2m
427,7075179,Remyo Tielsema,11081295093,8 x 800 p: 200,,2024-04-01 07:36:01+00:00,4215,Run,"Utrecht, Netherlands",10.56,5.98,1h 3m
428,7075179,Remyo Tielsema,11284780747,40â€™,,2024-04-28 14:58:35+00:00,2476,Run,"Palafrugell, Spain",6.0,6.67,40m 3s
429,7075179,Remyo Tielsema,11281892251,"7 x 1000 p: 200, 4 x 200 ğŸ’¦ğŸ’§ğŸ˜…",,2024-04-28 07:50:14+00:00,7412,Run,"Palafrugell, Spain",11.63,6.92,1h 20m
430,7075179,Remyo Tielsema,11276432339,GeÃ¯mproviseerde krachtsessie ğŸ‹ï¸â€â™€ï¸,Met Emma Kok en Victor Wassenaar,2024-04-27 14:24:51+00:00,2781,WeightTraining,,46.0,,
431,7075179,Remyo Tielsema,11273763734,101â€™ lange duurloop,Kunst vind ik zelf ğŸ‘¨â€ğŸ¨ğŸ˜œ,2024-04-27 08:01:12+00:00,6224,Run,"Palafrugell, Spain",16.04,6.33,1h 41m
432,7075179,Remyo Tielsema,11268760882,68â€™ ğŸ˜ƒ,,2024-04-26 13:49:31+00:00,4297,Run,"Palafrugell, Spain",10.48,6.5,1h 8m
433,7075179,Remyo Tielsema,11266325100,50â€™ â˜€ï¸,,2024-04-26 06:29:18+00:00,3220,Run,"Palafrugell, Spain",7.65,6.7,51m 15s
434,7075179,Remyo Tielsema,11259458118,"33â€™ in-, 15 x 300 p: 100, 22â€™ uitlopen",,2024-04-25 07:15:54+00:00,5473,Run,"Utrecht, Netherlands",12.16,6.35,1h 17m
435,7075179,Remyo Tielsema,11255794580,74â€™ ğŸŒ§ï¸,,2024-04-24 17:05:20+00:00,4606,Run,"Utrecht, Netherlands",11.22,6.58,1h 13m
436,7075179,Remyo Tielsema,11248727262,Uitlopen,,2024-04-23 18:51:02+00:00,1445,Run,"Utrecht, Netherlands",3.41,6.9,23m 34s
437,7075179,Remyo Tielsema,11248325583,ZomerAvondCup 10k: 29:57 ğŸ‘Œ,Lekkere prikkel op thuis grond. Donderdag op trainingskamp ğŸ‡ªğŸ‡¸,2024-04-23 17:50:47+00:00,1824,Run,"Utrecht, Netherlands",6.24,4.8,29m 58s
438,7075179,Remyo Tielsema,11248320998,Inlopen met Imo ğŸ™ï¸ğŸ˜‰,,2024-04-23 17:03:00+00:00,1115,Run,"Utrecht, Netherlands",2.25,7.48,16m 54s
439,7075179,Remyo Tielsema,11243543021,30â€™ â˜€ï¸,,2024-04-23 05:18:37+00:00,1889,Run,"Utrecht, Netherlands",4.21,7.13,30m 2s
440,7075179,Remyo Tielsema,11238957548,44â€™ ğŸŒ¤ï¸,Met 4 x 1 min versnellen,2024-04-22 13:56:31+00:00,2718,Run,"Utrecht, Netherlands",7.02,6.28,44m 10s
441,7075179,Remyo Tielsema,11237160094,60â€™ ğŸ™‚,,2024-04-22 08:08:20+00:00,3739,Run,"Utrecht, Netherlands",9.02,6.62,59m 42s
442,7075179,Remyo Tielsema,11336594714,126â€™ ğŸ˜â˜€ï¸,,2024-05-05 08:15:29+00:00,7981,Run,"Palafrugell, Spain",19.34,6.55,2h 6m
443,7075179,Remyo Tielsema,11330797284,62â€™ â˜€ï¸ğŸ™‚,,2024-05-04 13:44:36+00:00,3724,Run,"Palafrugell, Spain",9.16,6.7,1h 1m
444,7075179,Remyo Tielsema,11328386991,Heuveltjes,,2024-05-04 08:08:51+00:00,7328,Run,"Palafrugell, Spain",8.63,7.77,1h 7m
445,7075179,Remyo Tielsema,11322581996,Kracht ğŸ‡ªğŸ‡¸ğŸ‹ï¸â€â™€ï¸,,2024-05-03 12:58:41+00:00,3483,WeightTraining,,58.0,,507 Cal
446,7075179,Remyo Tielsema,11322678779,Inlopen voor kracht,,2024-05-03 12:50:59+00:00,352,Run,"Palafrugell, Spain",0.75,7.8,5m 52s
447,7075179,Remyo Tielsema,11320723247,64â€™ â˜€ï¸ğŸ˜,,2024-05-03 07:23:35+00:00,3982,Run,"Palafrugell, Spain",9.65,6.6,1h 3m
448,7075179,Remyo Tielsema,11315943707,Uitlopen ğŸŒ§ï¸ğŸ˜…,,2024-05-02 14:53:56+00:00,1850,Run,"Palafrugell, Spain",4.38,6.92,30m 17s
449,7075179,Remyo Tielsema,11315940028,4 x 1200 ğŸ‘ŒğŸ”¥,"Heb beter weer gehad, haha. Ondanks dat wel goede sessie met: 3â€™15, 3â€™15, 3â€™18 â›ˆï¸ğŸ˜…, 3â€™15 (2â€™41/2â€™42 m/km).",2024-05-02 13:12:04+00:00,5050,Run,"Palafrugell, Spain",6.78,6.85,46m 30s
450,7075179,Remyo Tielsema,11312950410,40â€™,,2024-05-02 05:57:51+00:00,2486,Run,"Palafrugell, Spain",5.84,6.87,40m 6s
451,7075179,Remyo Tielsema,11308191294,52â€™,,2024-05-01 14:02:50+00:00,3186,Run,"Palafrugell, Spain",7.46,6.93,51m 43s
452,7075179,Remyo Tielsema,11305351877,4 x 12 min p: 2 min,"Gezellig met Edwin Sjerps en Luc Velzeboer. Laatste 12 min alleen, met wind tegen en beetje omhoog ğŸ˜…ğŸ˜œ",2024-05-01 08:05:42+00:00,6524,Run,"Palafrugell, Spain",15.05,6.07,1h 31m
453,7075179,Remyo Tielsema,11302731367,51â€™,,2024-04-30 14:31:55+00:00,3093,Run,"Palafrugell, Spain",7.46,6.82,50m 56s
454,7075179,Remyo Tielsema,11297478041,"3 X 600, 4 X 300, 5 X 200 P=3', SP=5'",,2024-04-30 08:04:59+00:00,9047,Run,"Palafrugell, Spain",11.18,8.13,1h 30m
455,7075179,Remyo Tielsema,11291569094,Bewegelijkheid + Core,,2024-04-29 15:18:17+00:00,1801,WeightTraining,,30.0,,
456,7075179,Remyo Tielsema,11291568410,50â€™ ğŸŒ¤ï¸ğŸ˜Š,,2024-04-29 14:18:38+00:00,3042,Run,"Palafrugell, Spain",7.33,6.77,49m 39s
457,7075179,Remyo Tielsema,11289489104,118â€™ ğŸ’§,,2024-04-29 08:13:54+00:00,7358,Run,"Palafrugell, Spain",17.73,6.65,1h 57m
458,7075179,Remyo Tielsema,11390656911,92â€™ â˜€ï¸,,2024-05-12 06:34:39+00:00,5669,Run,"Utrecht, Netherlands",14.52,6.35,1h 32m
459,7075179,Remyo Tielsema,11385491172,In en uitlopen â˜€ï¸,,2024-05-11 11:54:53+00:00,6324,Run,"Lisse, Netherlands",5.95,7.32,43m 35s
460,7075179,Remyo Tielsema,11385568284,"Ter Specke Bokaal 3000: 8:12,89","Prima race na trainingskamp. Heel hard van start met 2:39 doorkomt op eerste 1000. Dat niet helemaal kunnen vasthouden ğŸ˜‰ Aardig vermoeid van trainingskamp, maar nu op naar NK 10.000m volgende week!",2024-05-11 12:45:51+00:00,492,Run,,1.86,4.4,8m 12s
461,7075179,Remyo Tielsema,11382059707,30â€™ ğŸŒ¤ï¸,,2024-05-11 06:32:04+00:00,1869,Run,"Utrecht, Netherlands",4.35,6.98,30m 22s
462,7075179,Remyo Tielsema,11379044642,42â€™ met 3 x 1â€™ â˜€ï¸ğŸŒ,,2024-05-10 17:06:46+00:00,2686,Run,"Utrecht, Netherlands",6.74,6.4,43m 7s
463,7075179,Remyo Tielsema,11366903916,50â€™ ğŸŒâ˜€ï¸,,2024-05-09 07:27:56+00:00,3058,Run,"Palafrugell, Spain",7.45,6.75,50m 22s
464,7075179,Remyo Tielsema,11362032949,"6 x 1200 p: 2 min, 10 x 300 p: 100m",Top twee weken gedraaid in Palafrugell ğŸ‡ªğŸ‡¸. Ook de laatste pittige training goed afgesloten met warmte ğŸ¥µ en veel wind ğŸ’¨ğŸ˜…. Extra mentale prikkelğŸ˜†. Eerste tempoâ€™s ook fijn gedaan met CornÃ© Timmer ğŸ™.,2024-05-08 13:07:29+00:00,8990,Run,"Palafrugell, Spain",13.5,6.77,1h 31m
465,7075179,Remyo Tielsema,11359028892,52â€™ ğŸ’¨,,2024-05-08 07:34:16+00:00,3178,Run,"Palafrugell, Spain",7.46,6.93,51m 42s
466,7075179,Remyo Tielsema,11352842956,Krachtcircuit op het strand ğŸ–ï¸,,2024-05-07 12:50:34+00:00,2489,WeightTraining,,41.0,,
467,7075179,Remyo Tielsema,11351538168,50â€™,,2024-05-07 09:38:17+00:00,3159,Run,"Palafrugell, Spain",7.22,6.82,49m 15s
468,7075179,Remyo Tielsema,11346082121,"600, 800, 1000, 1200 ğŸ§˜, 400, 300, 200  ğŸ”¥",,2024-05-06 13:06:07+00:00,8539,Run,"Palafrugell, Spain",10.72,7.53,1h 20m
469,7075179,Remyo Tielsema,11343474769,40â€™,Gezellig met Stijn van Geene ğŸš´ğŸ»â€â™‚ï¸ğŸ™‚,2024-05-06 07:04:59+00:00,2399,Run,"Palafrugell, Spain",5.63,7.08,39m 56s
470,7075179,Remyo Tielsema,11450581842,31â€™,,2024-05-19 19:05:11+00:00,1938,Run,"Utrecht, Netherlands",4.45,7.07,31m 28s
471,7075179,Remyo Tielsema,11449405002,Next Generation Athletics | NK 10.000 m | PB 29:27;43,"De race liep echt fantastisch, de afloop wat minder. Helaas na de wedstrijd een epileptisch insult gekregen, iets wat ik nog over heb gehouden van m'n hersenbloeding. Het gaat nu weer helemaal goed! Dank voor alle hulp van iedereen. 

(Oeps, vorige post perongeluk verwijderd)",2024-05-18 19:50:44+00:00,1767,Run,,6.21,4.73,29m 27s
472,7075179,Remyo Tielsema,11443514974,Inlopen,,2024-05-18 18:53:39+00:00,1187,Run,"Nijmegen, Netherlands",2.47,7.45,18m 27s
473,7075179,Remyo Tielsema,11437514130,Vanavond in Nijmegen NGA NK 10.000 ğŸ‡³ğŸ‡±ğŸ”¥,,2024-05-18 09:47:38+00:00,1469,Run,"Utrecht, Netherlands",3.54,6.8,24m 4s
474,7075179,Remyo Tielsema,11431856336,41â€™ met 4 x 1 min versnellen,,2024-05-17 13:43:51+00:00,2623,Run,"Utrecht, Netherlands",6.65,6.22,41m 23s
475,7075179,Remyo Tielsema,11422805640,40â€™ ğŸ™‚,,2024-05-16 09:13:09+00:00,2907,Run,"Utrecht, Netherlands",6.24,6.42,40m 1s
476,7075179,Remyo Tielsema,11417240329,"5 x (600, 400, 200) p/sp: 200 ğŸ’§ğŸŒ§ï¸ğŸ™ˆ",,2024-05-15 14:17:03+00:00,4782,Run,"Utrecht, Netherlands",11.12,6.05,1h 7m
477,7075179,Remyo Tielsema,11414645337,41â€™,,2024-05-15 07:44:33+00:00,2498,Run,"Utrecht, Netherlands",6.23,6.55,40m 53s
478,7075179,Remyo Tielsema,11410732223,Avondsessie krachttraining,,2024-05-14 17:44:31+00:00,2641,WeightTraining,,44.0,,
479,7075179,Remyo Tielsema,11410127491,50â€™,,2024-05-14 16:36:49+00:00,3205,Run,"Utrecht, Netherlands",7.48,6.6,49m 27s
480,7075179,Remyo Tielsema,11400881291,10 x 600 p: 200,,2024-05-13 13:35:49+00:00,4374,Run,"Utrecht, Netherlands",10.25,6.03,1h 1m
481,7075179,Remyo Tielsema,11398788196,42â€™ â˜€ï¸,,2024-05-13 07:58:09+00:00,2586,Run,"Utrecht, Netherlands",6.24,6.73,42m 5s
482,7075179,Remyo Tielsema,11610290785,108â€™ lange duurloop ğŸ™ƒ,,2024-06-09 08:43:21+00:00,6586,Run,"Utrecht, Netherlands",16.78,6.42,1h 47m
483,7075179,Remyo Tielsema,11600505497,76â€™,,2024-06-08 05:35:45+00:00,4645,Run,"Utrecht, Netherlands",11.7,6.57,1h 16m
484,7075179,Remyo Tielsema,11597105259,Dat voelde goed ğŸ™ğŸ˜€,"3 x 8 min ğŸ“ˆ P: 2â€™, SP: 5â€™, 10 x 40â€™â€™ heuvel op ğŸ”¥",2024-06-07 15:28:34+00:00,5073,Run,"Utrecht, Netherlands",13.9,6.02,1h 23m
485,7075179,Remyo Tielsema,11594092676,Ochtendloop ğŸŒ¤ï¸,,2024-06-07 08:31:25+00:00,2770,Run,"Utrecht, Netherlands",6.62,6.75,44m 43s
486,7075179,Remyo Tielsema,11586882487,Middagsessie krachttraining,,2024-06-06 10:11:39+00:00,3146,WeightTraining,,52.0,,
487,7075179,Remyo Tielsema,11586448627,54â€™,,2024-06-06 09:02:26+00:00,3385,Run,"Utrecht, Netherlands",7.96,6.72,53m 30s
488,7075179,Remyo Tielsema,11582508915,Uitlopen,,2024-06-05 18:42:07+00:00,1436,Run,"Amsterdam, Netherlands",2.7,6.95,18m 49s
489,7075179,Remyo Tielsema,11582538999,"1000, 1200, 1400, 1600, 1200 5k tempo (Gem. 2â€™48 m/km)",Tijdens de derde nog aan t herstellen van een iets te harde tweede ğŸ¤ª,2024-06-05 16:41:10+00:00,6383,Run,"Amsterdam, Netherlands",7.74,6.45,49m 57s
490,7075179,Remyo Tielsema,11577889435,Ochtendloop ğŸ™ƒ,,2024-06-05 08:24:37+00:00,2659,Run,"Utrecht, Netherlands",6.31,6.62,41m 47s
491,7075179,Remyo Tielsema,11568811459,Ochtendloop ğŸ˜,,2024-06-04 05:06:42+00:00,5414,Run,"Utrecht, Netherlands",13.05,6.65,1h 26m
492,7075179,Remyo Tielsema,11563614489,"10 x 600 p: 200, 5 x 150 p: 250",,2024-06-03 13:27:03+00:00,4863,Run,"Utrecht, Netherlands",11.84,6.27,1h 14m
493,7075179,Remyo Tielsema,11561195213,50â€™,,2024-06-03 06:33:22+00:00,3049,Run,"Utrecht, Netherlands",7.62,6.58,50m 14s
494,7075179,Remyo Tielsema,11663363547,85â€™ ğŸ˜€,Happy! Na 4 uur slaap en adrenaline die nog lekker doorwerkt van gister ğŸ¥¹ğŸ˜œ.,2024-06-16 07:14:18+00:00,5293,Run,"Utrecht, Netherlands",13.17,6.42,1h 24m
495,7075179,Remyo Tielsema,11660768386,In en uitlopen,,2024-06-15 18:15:03+00:00,6532,Run,"Heusden-Zolder, Belgium",4.78,7.85,37m 33s
496,7075179,Remyo Tielsema,11661356706,"Nacht van de Atletiek 5000: 13:55,76 PRğŸ™ğŸ”¥ğŸ‡§ğŸ‡ª",Na de neurologische terugslag van een maand geleden extra blij en trots hierop! ğŸ§  ğŸ™ op naar het NK!,2024-06-15 19:07:00+00:00,835,Run,,3.1,4.48,13m 55s
497,7075179,Remyo Tielsema,11655959800,Ochtendloop â˜ï¸,Vanavond Nacht van de Atletiek 5000 ğŸ‡§ğŸ‡ª,2024-06-15 08:54:06+00:00,1660,Run,"Utrecht, Netherlands",3.8,6.82,25m 54s
498,7075179,Remyo Tielsema,11651658714,42â€™ met 5 x 1â€™ versnellen,,2024-06-14 15:45:24+00:00,2652,Run,"Utrecht, Netherlands",6.84,6.2,42m 30s
499,7075179,Remyo Tielsema,11649038265,Ochtendloop â˜ï¸,,2024-06-14 08:41:18+00:00,2713,Run,"Utrecht, Netherlands",6.22,6.73,41m 53s
500,7075179,Remyo Tielsema,11640892278,Ochtendloop ğŸŒ¤ï¸,,2024-06-13 06:25:31+00:00,2737,Run,"Utrecht, Netherlands",6.85,6.58,45m 6s
501,7075179,Remyo Tielsema,11637410285,Uitlopen,,2024-06-12 17:55:21+00:00,1702,Run,"Utrecht, Netherlands",3.89,7.12,27m 42s
502,7075179,Remyo Tielsema,11637039412,ZomerAvondCup 5k ğŸ¥‡,Mentale check  âœ…! Conclusie: komende zaterdag Nacht van de Atletiek 5000 ğŸ‡§ğŸ‡ª,2024-06-12 17:00:05+00:00,870,Run,"Utrecht, Netherlands",3.14,4.62,14m 30s
503,7075179,Remyo Tielsema,11637037235,Inlopen,,2024-06-12 16:16:12+00:00,2292,Run,"Utrecht, Netherlands",2.09,6.62,13m 51s
504,7075179,Remyo Tielsema,11633165437,30â€™,,2024-06-12 07:51:20+00:00,1951,Run,"Utrecht, Netherlands",4.46,6.72,30m 1s
505,7075179,Remyo Tielsema,11628603537,42â€™,,2024-06-11 16:44:08+00:00,2633,Run,"Utrecht, Netherlands",6.28,6.6,41m 31s
506,7075179,Remyo Tielsema,11619389402,"8 x 400 p: 200, sp: 5â€™, 3 x 150 ğŸ”¥",,2024-06-10 13:24:13+00:00,4719,Run,"Utrecht, Netherlands",9.94,6.68,1h 6m
507,7075179,Remyo Tielsema,11717575763,93â€™ ğŸŒâ˜€ï¸,,2024-06-23 07:12:58+00:00,5749,Run,"Utrecht, Netherlands",14.3,6.47,1h 32m
508,7075179,Remyo Tielsema,11710133422,Ochtendloop ğŸ™‚,,2024-06-22 08:34:34+00:00,3116,Run,"Utrecht, Netherlands",7.59,6.73,51m 11s
509,7075179,Remyo Tielsema,11706963716,"Wageningen 1500m: 3:50,97 PR, daarna 3 x 10 min p: 2 min",Gaat die sub 3â€™50 ooit nog komen? Wel een PR ğŸ˜œ. Wim Schoots toch in 2025 eens specifieker hierop gaan trainen? ğŸ¤ª  Ook dank aan Stan Schipperen voor het hazen.,2024-06-21 17:15:22+00:00,8248,Run,"Wageningen, Netherlands",11.95,5.97,1h 11m
510,7075179,Remyo Tielsema,11703107220,Ochtendloop ğŸ™ƒ,,2024-06-21 08:10:23+00:00,2646,Run,"Utrecht, Netherlands",6.12,6.78,41m 36s
511,7075179,Remyo Tielsema,11695858885,42â€™,,2024-06-20 09:07:58+00:00,2785,Run,"Utrecht, Netherlands",6.51,6.43,41m 58s
512,7075179,Remyo Tielsema,11689946724,"800, 1000, 1200, 1400, 1000 ğŸ”¥ğŸ™ P: 2, 3, 4, 3 min (gem. 2â€™42 m/kmğŸ˜…)",Spontaan ook even gezellig met Jasper Koopmans.,2024-06-19 13:30:00+00:00,5866,Run,"Utrecht, Netherlands",10.03,6.32,1h 3m
513,7075179,Remyo Tielsema,11687208101,41â€™ ğŸŒ¤ï¸,,2024-06-19 07:11:07+00:00,2545,Run,"Utrecht, Netherlands",6.22,6.55,40m 44s
514,7075179,Remyo Tielsema,11682976407,61â€™,,2024-06-18 16:39:10+00:00,3914,Run,"Utrecht, Netherlands",9.53,6.37,1h 0m
515,7075179,Remyo Tielsema,11674379028,"8 x 1000 p: 200, 4 x 200 p: 3 min",,2024-06-17 15:24:44+00:00,5005,Run,"Amsterdam, Netherlands",11.82,6.42,1h 15m
516,7075179,Remyo Tielsema,11671301820,42â€™,,2024-06-17 07:58:34+00:00,2648,Run,"Utrecht, Netherlands",6.22,6.72,41m 47s
517,7075179,Remyo Tielsema,11773839768,106â€™ ğŸ˜â˜€ï¸,"WAUW, dit was echt een prachtig gebied en heerlijk gelopen ğŸ’ªğŸ»ğŸ™",2024-06-30 09:07:07+00:00,6646,Run,"Leusden, Netherlands",16.54,6.42,1h 46m
518,7075179,Remyo Tielsema,11764406667,Ochtendloop ğŸ™‚,De avond bij Nationals gisteren was prachtig ğŸ‡³ğŸ‡±ğŸ’ªğŸ»,2024-06-29 05:56:42+00:00,3707,Run,"Utrecht, Netherlands",9.39,6.53,1h 1m
519,7075179,Remyo Tielsema,11761842124,In en uitlopen NK 5000,,2024-06-28 17:10:33+00:00,7435,Run,"Hengelo, Netherlands",4.85,7.65,37m 10s
520,7075179,Remyo Tielsema,11761907851,"ASICS NK Atletiek 5000: 14:10,66 (5de ğŸ‡³ğŸ‡±)","Chaotische boemelrace, aan het einde redelijk goed kunnen door versnellen. Super blij met klassering ğŸ”¥ op naar de marathon ğŸ’ªğŸ»",2024-06-28 18:15:54+00:00,850,Run,,3.1,4.57,14m 10s
521,7075179,Remyo Tielsema,11757781811,Ochtendloop ğŸŒ¤ï¸,,2024-06-28 07:40:52+00:00,1098,Run,"Utrecht, Netherlands",2.56,7.02,18m 1s
522,7075179,Remyo Tielsema,11750261139,Ochtendloop met wedstr. wu + 3 x 400 ğŸ”¥,Morgenavond om 20.00 uur: ASICS NK Atletiek 5000 in Hengelo! ğŸ”¥,2024-06-27 07:24:06+00:00,4167,Run,"Utrecht, Netherlands",6.49,6.68,43m 25s
523,7075179,Remyo Tielsema,11745334854,42â€™ met 4 x 1â€™ ğŸ”¥â˜€ï¸,,2024-06-26 15:30:50+00:00,2681,Run,"Utrecht, Netherlands",6.59,6.37,42m 2s
524,7075179,Remyo Tielsema,11741808201,45â€™ â˜€ï¸,,2024-06-26 06:02:47+00:00,2778,Run,"Utrecht, Netherlands",6.68,6.67,44m 35s
525,7075179,Remyo Tielsema,11733059967,42â€™ â˜€ï¸,,2024-06-25 05:17:44+00:00,2561,Run,"Utrecht, Netherlands",6.25,6.7,41m 52s
526,7075179,Remyo Tielsema,11727915837,"10 x 400 p: 200, 3 x 100",Eigenlijk best warm ğŸ˜…ğŸ˜œ,2024-06-24 13:14:27+00:00,4600,Run,"Utrecht, Netherlands",9.95,6.52,1h 4m
527,7075179,Remyo Tielsema,11725479187,Ochtendloop ğŸ˜ƒâ˜€ï¸,,2024-06-24 06:47:40+00:00,3112,Run,"Putten, Netherlands",7.17,7.02,50m 17s
528,7075179,Remyo Tielsema,11828718284,135â€™ ğŸ˜,"Gezellig met Suzan van Amerongen op de ğŸš´â€â™€ï¸, nu lekker genieten van een zondagje sport kijken! ğŸ‰ğŸ¥³",2024-07-07 08:38:36+00:00,8236,Run,"Utrecht, Netherlands",20.89,6.47,2h 15m
529,7075179,Remyo Tielsema,11823807832,50â€™ ğŸ’¨,,2024-07-06 16:26:27+00:00,3056,Run,"Utrecht, Netherlands",7.55,6.63,50m 9s
530,7075179,Remyo Tielsema,11817355291,Gezellig uitlopen na 3000m,,2024-07-05 21:21:45+00:00,1105,Run,"Utrecht, Netherlands",2.36,7.58,17m 55s
531,7075179,Remyo Tielsema,11817421919,"Utrecht Track Meeting 3000: 8:08,52 ğŸ”¥",Prima extra afsluiting baanseizoen (helaas net geen PR). Nu Ã©cht beginnen aan het langere werk ğŸ¤©,2024-07-05 21:00:00+00:00,488,Run,,1.86,4.37,8m 8s
532,7075179,Remyo Tielsema,11817353998,Inlopen 3000m,,2024-07-05 19:39:17+00:00,1367,Run,"Utrecht, Netherlands",2.78,7.6,21m 10s
533,7075179,Remyo Tielsema,11812787076,20â€™ ğŸ™‚â˜ï¸,"Vanavond Utrecht Track Meeting, 3000m. OkÃ©, nog Ã©Ã©n keer in je eigen stad, dan echt focus op de wegwedstrijden en de marathon.",2024-07-05 09:02:48+00:00,1253,Run,"Utrecht, Netherlands",2.95,6.78,20m 1s
534,7075179,Remyo Tielsema,11804935411,45â€™ ğŸ™‚,,2024-07-04 09:13:49+00:00,2768,Run,"Utrecht, Netherlands",6.84,6.58,45m 4s
535,7075179,Remyo Tielsema,11799336337,45â€™ â›…ï¸,,2024-07-03 14:55:13+00:00,2809,Run,"Utrecht, Netherlands",6.89,6.57,45m 19s
536,7075179,Remyo Tielsema,11796655931,Ochtendloop ğŸŒ§ï¸ğŸ’¦ğŸ™ˆ,"5 X (600, 200, 100), P=200/100, SP= 1,5 rondje gras",2024-07-03 07:51:56+00:00,4569,Run,"Utrecht, Netherlands",10.39,6.35,1h 6m
537,7075179,Remyo Tielsema,11787296549,80â€™ ğŸŒ§ï¸,Vanavond Roe-Ned om 21 uur was beter geweest dan om 18 uur.. ğŸ˜,2024-07-02 04:02:48+00:00,4813,Run,"Utrecht, Netherlands",12.03,6.58,1h 19m
538,7075179,Remyo Tielsema,11782740888,Let the marathon party begin! ğŸ’ªğŸ»,"4 x 12 min p: 2 minâ€¦ Conclusie: ik ben fit, nu ook nog fit blijven. ğŸ¤ªğŸ¥¹",2024-07-01 14:06:13+00:00,4250,Run,"Amstelveen, Netherlands",12.98,5.38,1h 9m
539,7075179,Remyo Tielsema,11780173163,50â€™ ğŸ˜,,2024-07-01 06:57:18+00:00,3001,Run,"Utrecht, Netherlands",7.53,6.53,49m 18s
540,7075179,Remyo Tielsema,11883483839,75â€™ ğŸŒ¤ï¸,,2024-07-14 07:04:38+00:00,4570,Run,"Utrecht, Netherlands",11.34,6.58,1h 14m
541,7075179,Remyo Tielsema,11880199008,Uitlopen,,2024-07-13 18:10:08+00:00,654,Run,"Barneveld, Netherlands",1.56,6.97,10m 54s
542,7075179,Remyo Tielsema,11880099654,Voorthuizen Loopt met team Volare Sports ğŸ™ƒğŸ‰,,2024-07-13 17:15:16+00:00,1809,Run,"Barneveld, Netherlands",6.2,4.85,30m 9s
543,7075179,Remyo Tielsema,11880096913,Inlopen,,2024-07-13 16:28:29+00:00,2223,Run,"Barneveld, Netherlands",3.57,7.92,28m 17s
544,7075179,Remyo Tielsema,11875277496,Ochtendloop ğŸŒ§ï¸,Vanavond gezellig 4 rondjes rennen in Voorthuizen ğŸ™ƒ!,2024-07-13 07:32:41+00:00,1942,Run,"Utrecht, Netherlands",4.36,6.87,30m 0s
545,7075179,Remyo Tielsema,11870336978,41â€™ met 4 x 1â€™ versnellen,,2024-07-12 13:34:30+00:00,2555,Run,"Utrecht, Netherlands",6.47,6.3,40m 49s
546,7075179,Remyo Tielsema,11860891061,55â€™ ğŸ™ƒ,,2024-07-11 09:26:10+00:00,3469,Run,"Utrecht, Netherlands",8.36,6.58,55m 1s
547,7075179,Remyo Tielsema,11854336564,45â€™ ğŸŒ¤ï¸,,2024-07-10 13:02:09+00:00,2802,Run,"Utrecht, Netherlands",6.84,6.67,45m 35s
548,7075179,Remyo Tielsema,11852474324,"5 x (600, 400, 200) p/sp: 200",,2024-07-10 08:01:51+00:00,4992,Run,"Utrecht, Netherlands",11.02,6.43,1h 10m
549,7075179,Remyo Tielsema,11843260572,70â€™ â˜€ï¸,,2024-07-09 04:58:18+00:00,4327,Run,"Utrecht, Netherlands",10.56,6.65,1h 10m
550,7075179,Remyo Tielsema,11838177805,"1600,1200,1000,800, ğŸ“ˆ P=200; SP=5'; 600,500,400,300,200,100 ğŸ“ˆP=100(1')",,2024-07-08 13:48:38+00:00,4422,Run,"Utrecht, Netherlands",10.77,6.22,1h 6m
551,7075179,Remyo Tielsema,11835522318,41â€™ ğŸŒ¤ï¸,,2024-07-08 07:15:54+00:00,2623,Run,"Utrecht, Netherlands",6.21,6.63,41m 15s
552,7075179,Remyo Tielsema,11945720588,42â€™,,2024-07-21 15:55:14+00:00,2547,Run,"Utrecht, Netherlands",6.22,6.77,42m 3s
553,7075179,Remyo Tielsema,11933481073,Twee uur genieten ğŸ™ğŸŒ,,2024-07-20 07:04:13+00:00,7876,Run,"Wierden, Netherlands",19.89,6.33,2h 6m
554,7075179,Remyo Tielsema,11928129873,Eruit gegooid voor vriendenweekend ğŸ»,,2024-07-19 13:56:57+00:00,2992,Run,"Rijssen-Holten, Netherlands",6.84,6.77,46m 18s
555,7075179,Remyo Tielsema,11925806423,Heuveltjes training ğŸ—»ğŸ™ˆ,"4 x (6 min, 3 x 40â€™â€™ heuvel op) P: 90â€™â€™ SP: 2â€™ ğŸ™ƒ",2024-07-19 08:07:55+00:00,5279,Run,"Utrecht, Netherlands",13.67,6.2,1h 24m
556,7075179,Remyo Tielsema,11919211935,43â€™ ğŸŒ¤ï¸,,2024-07-18 12:53:44+00:00,2756,Run,"Utrecht, Netherlands",6.62,6.52,43m 11s
557,7075179,Remyo Tielsema,11917354275,Ochtendrit ğŸ‘ŒğŸš´ğŸ¼,,2024-07-18 07:47:23+00:00,5706,Ride,"Utrecht, Netherlands",26.79,,1h 26m
558,7075179,Remyo Tielsema,11911034421,"3 x (1200, 4 x 400 P: 100m) SP: rondje gras",,2024-07-17 13:01:12+00:00,5499,Run,"Utrecht, Netherlands",11.83,6.15,1h 12m
559,7075179,Remyo Tielsema,11908472468,45â€™,,2024-07-17 07:44:34+00:00,2892,Run,"Utrecht, Netherlands",6.66,6.8,45m 20s
560,7075179,Remyo Tielsema,11904069842,"Inlopen, daarna ğŸ‹ğŸ»â€â™‚ï¸",,2024-07-16 16:25:48+00:00,783,Run,"Utrecht, Netherlands",1.87,6.85,12m 52s
561,7075179,Remyo Tielsema,11899416210,Ochtendloop ğŸ™ƒ,,2024-07-16 05:14:59+00:00,3142,Run,"Utrecht, Netherlands",7.58,6.72,50m 54s
562,7075179,Remyo Tielsema,11893998371,4 x 12 min p: 2 min,Ik heb ze makkelijker gehad ğŸ¥µâ˜€ï¸,2024-07-15 13:08:26+00:00,4126,Run,"Stichtse Vecht, Netherlands",12.08,5.53,1h 6m
563,7075179,Remyo Tielsema,11891917604,41â€™ â˜€ï¸,,2024-07-15 07:52:12+00:00,2539,Run,"Utrecht, Netherlands",6.09,6.78,41m 22s
564,7075179,Remyo Tielsema,12001310863,Ochtendloop ğŸŒ¤ï¸â˜€ï¸,Weer gezellig onderweg met meefietsen en drankdrager Suzan van Amerongen !ğŸ™ğŸ˜ƒ,2024-07-28 08:58:23+00:00,8696,Run,"Utrecht, Netherlands",21.75,6.57,2h 23m
565,7075179,Remyo Tielsema,11995434775,41â€™,,2024-07-27 15:38:20+00:00,2549,Run,"Utrecht, Netherlands",6.22,6.55,40m 44s
566,7075179,Remyo Tielsema,11987277300,Middagloop ğŸ˜ƒ,"3 x (6 min, 5 x 40â€™â€™ heuvel op)",2024-07-26 15:24:57+00:00,5102,Run,"Utrecht, Netherlands",13.07,6.2,1h 21m
567,7075179,Remyo Tielsema,11983577917,Ochtendloop â˜ï¸,,2024-07-26 07:00:12+00:00,2120,Run,"Utrecht, Netherlands",4.97,6.7,33m 19s
568,7075179,Remyo Tielsema,11977675780,Middagloop ğŸ™ƒ,adidas Supernova Prima âœ”ï¸,2024-07-25 12:55:17+00:00,2513,Run,"Utrecht, Netherlands",6.32,6.45,40m 48s
569,7075179,Remyo Tielsema,12024992312,Ochtendloop,,2024-07-25 07:34:55+00:00,2621,Run,"Utrecht, Netherlands",6.22,6.65,41m 21s
570,7075179,Remyo Tielsema,11971461193,All4Running | adidas | Ultraboost testen,,2024-07-24 17:28:27+00:00,2286,Run,"Amsterdam, Netherlands",4.18,8.52,35m 37s
571,7075179,Remyo Tielsema,11969618329,Warm welkom op de baan ğŸ˜œğŸŒ¤ï¸,1000â€™tjes met pauze 200m,2024-07-24 13:00:33+00:00,5735,Run,"Utrecht, Netherlands",12.02,5.97,1h 11m
572,7075179,Remyo Tielsema,11966974127,43â€™ ğŸŒ¤ï¸,,2024-07-24 07:30:14+00:00,2602,Run,"Utrecht, Netherlands",6.21,6.87,42m 40s
573,7075179,Remyo Tielsema,11957479550,60â€™ ğŸŒ§ï¸,,2024-07-23 05:19:11+00:00,3720,Run,"Utrecht, Netherlands",8.93,6.73,1h 0m
574,7075179,Remyo Tielsema,11952236440,Lekkere start van de week ğŸ˜ƒ,"6 x 10 min MT P: 2 min, 3â€™09->3â€™04 m/km ğŸ‘ŒğŸ‘‘",2024-07-22 13:12:45+00:00,5644,Run,"Stichtse Vecht, Netherlands",16.79,5.48,1h 32m
575,7075179,Remyo Tielsema,11949777500,Ochtendloop â˜ï¸,,2024-07-22 07:57:08+00:00,2654,Run,"Utrecht, Netherlands",6.34,6.78,43m 1s
576,7075179,Remyo Tielsema,12118915023,150â€™ ğŸ™ƒ,Nagenieten van Sifanâ€™s gouden race. Fijn met waterdrager Suzan van Amerongen ğŸ™ğŸš°ğŸš´ğŸ¼,2024-08-11 08:42:44+00:00,9035,Run,"Utrecht, Netherlands",23.68,6.32,2h 29m
577,7075179,Remyo Tielsema,12113140103,68â€™,,2024-08-10 15:50:28+00:00,4170,Run,"Utrecht, Netherlands",10.56,6.4,1h 7m
578,7075179,Remyo Tielsema,12104477275,De MT blokken worden weer wat langer! Tijd om sterker te worden ğŸ’ªğŸ»ğŸŒ¬ï¸,,2024-08-09 15:19:09+00:00,4291,Run,"Stichtse Vecht, Netherlands",13.41,5.32,1h 11m
579,7075179,Remyo Tielsema,12101434097,Ochtendloop â˜ï¸,,2024-08-09 08:24:36+00:00,2608,Run,"Utrecht, Netherlands",6.09,6.83,41m 43s
580,7075179,Remyo Tielsema,12092636015,Ochtendloop ğŸ˜ƒ,,2024-08-08 06:15:21+00:00,4778,Run,"Utrecht, Netherlands",11.82,6.42,1h 15m
581,7075179,Remyo Tielsema,12087676956,1000-tjes op de baan ğŸŸï¸â˜€ï¸,,2024-08-07 14:49:59+00:00,5603,Run,"Amsterdam, Netherlands",12.86,6.07,1h 18m
582,7075179,Remyo Tielsema,12084097054,43â€™ â˜ï¸,,2024-08-07 07:30:51+00:00,2659,Run,"Utrecht, Netherlands",6.41,6.75,43m 18s
583,7075179,Remyo Tielsema,12079303266,63â€™,,2024-08-06 16:22:47+00:00,4076,Run,"Utrecht, Netherlands",9.45,6.72,1h 3m
584,7075179,Remyo Tielsema,12068944568,Wisseltempoâ€™s (warmğŸ¥µâ˜€ï¸),"3200m ins/outs (50 in 50 uit), 2 X 600, P=200, 1600m ins/outs, 3 X 400 P=100 SP: 4 min",2024-08-05 13:30:15+00:00,5059,Run,"Utrecht, Netherlands",11.07,6.37,1h 10m
585,7075179,Remyo Tielsema,12066529403,Ochtendloop ğŸŒ¤ï¸,,2024-08-05 08:15:11+00:00,3100,Run,"Utrecht, Netherlands",7.46,6.62,49m 21s
586,7075179,Remyo Tielsema,12177883077,Crossen over de Utrechtse Heuvelrug ğŸŒ³,,2024-08-18 08:18:39+00:00,7449,Run,"Utrechtse Heuvelrug, Netherlands",17.38,6.75,1h 57m
587,7075179,Remyo Tielsema,12167324293,Ochtendloop â˜€ï¸,,2024-08-17 05:13:47+00:00,2576,Run,"Utrecht, Netherlands",6.22,6.82,42m 23s
588,7075179,Remyo Tielsema,12161352951,Ideaal weer voor een frisse run! ğŸŒ§ï¸ğŸ˜œ,,2024-08-16 09:32:46+00:00,5447,Run,"Utrecht, Netherlands",16.16,5.57,1h 30m
589,7075179,Remyo Tielsema,12151810150,Ochtendloop â˜€ï¸,,2024-08-15 08:03:49+00:00,2590,Run,"Utrecht, Netherlands",6.22,6.75,42m 1s
590,7075179,Remyo Tielsema,12145142773,4 x 17 min p: 2 min,"Pfoe, ondanks dat t wel iets is afgekoeld nog steeds behoorlijk benauwd! ğŸ¥µ Goeie (mentale) training! ğŸ’ªğŸ»",2024-08-14 10:20:35+00:00,4788,Run,"Stichtse Vecht, Netherlands",14.74,5.3,1h 18m
591,7075179,Remyo Tielsema,12138698059,Avondloop ğŸŒ,,2024-08-13 16:52:31+00:00,2790,Run,"Utrecht, Netherlands",6.69,6.7,44m 49s
592,7075179,Remyo Tielsema,12130605280,800â€™tjes in de warmte ğŸ¥µ,Het zal vast ergens goed voor zijn ğŸ˜‰,2024-08-12 16:56:54+00:00,7640,Run,"Amsterdam, Netherlands",10.65,6.22,1h 6m
593,7075179,Remyo Tielsema,12125399460,Ochtendloop â˜€ï¸,,2024-08-12 05:52:06+00:00,2594,Run,"Utrecht, Netherlands",6.22,6.7,41m 38s
594,7075179,Remyo Tielsema,12238277498,Ging best wel lekker! ğŸ™ğŸ˜ƒ,,2024-08-25 09:33:35+00:00,10891,Run,"Utrecht, Netherlands",29.01,6.2,3h 0m
595,7075179,Remyo Tielsema,12226704632,Ochtendloop ğŸŒ§ï¸,,2024-08-24 05:08:03+00:00,2505,Run,"Utrecht, Netherlands",6.22,6.7,41m 39s
596,7075179,Remyo Tielsema,12222639815,Marathon blokken ğŸ”¥ 5 x 15 min,Van 3:09 naar 3:05. Samen met Julian Steenman en Suzan van Amerongen ğŸš²,2024-08-23 13:38:16+00:00,5146,Run,"Amstelveen, Netherlands",16.46,5.2,1h 25m
597,7075179,Remyo Tielsema,12219831074,30â€™ â˜ï¸,,2024-08-23 07:53:09+00:00,1928,Run,"Utrecht, Netherlands",4.35,6.83,29m 46s
598,7075179,Remyo Tielsema,12211662525,Ochtendloop â›…ï¸,,2024-08-22 07:58:56+00:00,4247,Run,"Utrecht, Netherlands",10.57,6.53,1h 9m
599,7075179,Remyo Tielsema,12206387673,45â€™,,2024-08-21 15:53:26+00:00,2781,Run,"Utrecht, Netherlands",6.83,6.5,44m 27s
600,7075179,Remyo Tielsema,12203044824,Ochtendloop ğŸ™‚,,2024-08-21 08:39:45+00:00,3117,Run,"Utrecht, Netherlands",7.5,6.67,50m 3s
601,7075179,Remyo Tielsema,12198985989,Ronde van West 10km: 30.17 ğŸ¥‡,"Marathonvoorbereiding gaat super, goede test en superleuk om mee te doen met zoâ€™n hardloopevenement tijdens de feestweek. Parcoursrecord verbeterd, ook mooi meegenomen! Dank organisatie!! ğŸ™",2024-08-20 18:35:36+00:00,1816,Run,"Capelle aan den IJssel, Netherlands",6.22,4.87,30m 16s
602,7075179,Remyo Tielsema,12193509269,Ochtendloop ğŸ™‚,Vanavond de Ronde van West 10K,2024-08-20 07:37:25+00:00,1788,Run,"Utrecht, Netherlands",4.01,7.0,28m 6s
603,7075179,Remyo Tielsema,12187671666,34â€™ met 4 x 1â€™ versnellen,,2024-08-19 14:14:25+00:00,2117,Run,"Utrecht, Netherlands",5.32,6.33,33m 42s
604,7075179,Remyo Tielsema,12185012291,41â€™ ğŸ™ƒ,,2024-08-19 07:17:19+00:00,2662,Run,"Utrecht, Netherlands",6.21,6.6,41m 2s
605,7075179,Remyo Tielsema,12297352743,166â€™ ğŸŒ,"Relaxte lange duurloop met een beetje warmteğŸ˜…â˜€ï¸, maar toch mooi de marathonafstand gepakt! Suzan van Amerongen op de fiets als support ğŸš².",2024-09-01 08:49:58+00:00,10070,Run,"Utrecht, Netherlands",26.21,6.37,2h 46m
606,7075179,Remyo Tielsema,12286009955,Ochtendloop ğŸ™‚,,2024-08-31 05:02:18+00:00,2656,Run,"Utrecht, Netherlands",6.35,6.83,43m 25s
607,7075179,Remyo Tielsema,12282902478,Favoriete plek voor marathon blokken ğŸ˜,4 x 20 minuten samen met Wim Schoots op de fiets ğŸš²,2024-08-30 15:31:56+00:00,5281,Run,"Amstelveen, Netherlands",17.04,5.17,1h 28m
608,7075179,Remyo Tielsema,12279406520,Ochtendloop ğŸ™‚,"Shoot voor All4running, gezellig met Sarina Verberne  en Tsega, als voorbereiding op Berlijn Marathon! ğŸ’ªğŸ»",2024-08-30 08:33:15+00:00,2121,Run,"Utrecht, Netherlands",5.23,6.75,35m 21s
609,7075179,Remyo Tielsema,12273038001,42â€™,,2024-08-29 13:05:23+00:00,2544,Run,"Utrecht, Netherlands",6.22,6.75,41m 58s
610,7075179,Remyo Tielsema,12270863721,44â€™ â˜€ï¸,,2024-08-29 07:54:31+00:00,2726,Run,"Utrecht, Netherlands",6.56,6.73,44m 8s
611,7075179,Remyo Tielsema,12265645325,49â€™ â˜€ï¸,,2024-08-28 15:51:07+00:00,2950,Run,"Utrecht, Netherlands",7.46,6.57,48m 59s
612,7075179,Remyo Tielsema,12262543308,10 x 1000 P: rondje gras â˜€ï¸ğŸŒ,"Dacht, laat ik het in de ochtend doen, dan is het nog niet zo warm ğŸ¤ªğŸ˜….",2024-08-28 08:01:45+00:00,6518,Run,"Utrecht, Netherlands",13.15,6.02,1h 19m
613,7075179,Remyo Tielsema,12252337136,60â€™ â˜€ï¸,,2024-08-27 05:11:24+00:00,3675,Run,"Utrecht, Netherlands",8.98,6.68,1h 0m
614,7075179,Remyo Tielsema,12247044882,Nog 5 weken totâ€¦.. Berlijn Marathon!!ğŸ”¥ğŸ“ˆ,"5 X (1200, 200, 100), P=200/100 , SP=rondje gras",2024-08-26 13:12:16+00:00,5109,Run,"Utrecht, Netherlands",12.02,6.15,1h 14m
615,7075179,Remyo Tielsema,12244619933,Ochtendloop ğŸ™ƒ,,2024-08-26 08:02:06+00:00,2881,Run,"Utrecht, Netherlands",6.83,6.7,45m 51s
616,7075179,Remyo Tielsema,12414917778,Let the taper begin! ğŸ”¥,Hoogste week ooit: 216 km ğŸ™ Suus weer als support op de fiets!,2024-09-15 07:36:43+00:00,10970,Run,"Utrecht, Netherlands",28.44,6.35,3h 0m
617,7075179,Remyo Tielsema,12409592391,38â€™ ğŸŒ¤ï¸,,2024-09-14 16:11:06+00:00,2461,Run,"Utrecht, Netherlands",5.84,6.5,38m 1s
618,7075179,Remyo Tielsema,12404368304,50â€™ ğŸŒ¤ï¸,,2024-09-14 05:13:56+00:00,3135,Run,"Utrecht, Netherlands",7.67,6.53,50m 9s
619,7075179,Remyo Tielsema,12400190009,12 x 1000 P: 200m/1 min ğŸ”¥,"Fris windje, maar wat een heerlijke training! Van 3â€™00-2â€™54 m/km. ğŸ™",2024-09-13 13:05:54+00:00,6447,Run,"Utrecht, Netherlands",14.98,5.68,1h 25m
620,7075179,Remyo Tielsema,12397749684,45â€™ ğŸ™ƒ,,2024-09-13 07:31:49+00:00,2778,Run,"Utrecht, Netherlands",6.92,6.45,44m 41s
621,7075179,Remyo Tielsema,12389644782,60â€™ ğŸ™‚,,2024-09-12 06:39:56+00:00,3766,Run,"Utrecht, Netherlands",9.4,6.28,59m 8s
622,7075179,Remyo Tielsema,12384698009,Marathon key sessie: 8-7-6-5-4 km blokken ğŸ”¥,"Het ging super! Thanks Wim Schoots op de ğŸš´ğŸ¼. Was zenuwachtig na zondag ğŸ§ , maar dit bevestigt dat de vorm top is en ik klaar ben voor Berlijn ğŸ™ğŸ¼ğŸ”¥",2024-09-11 14:17:32+00:00,6533,Run,"Amsterdam, Netherlands",20.85,5.22,1h 48m
623,7075179,Remyo Tielsema,12381379717,Ochtendloop,,2024-09-11 07:42:42+00:00,1891,Run,"Utrecht, Netherlands",4.59,6.65,30m 35s
624,7075179,Remyo Tielsema,12376571411,40â€™,,2024-09-10 16:38:20+00:00,2436,Run,"Utrecht, Netherlands",6.08,6.45,39m 17s
625,7075179,Remyo Tielsema,12371860385,Ochtendloop ğŸ™‚,,2024-09-10 05:19:00+00:00,3038,Run,"Utrecht, Netherlands",7.63,6.43,49m 8s
626,7075179,Remyo Tielsema,12367752541,85â€™,,2024-09-09 15:41:42+00:00,5287,Run,"Utrecht, Netherlands",13.31,6.43,1h 25m
627,7075179,Remyo Tielsema,12363983435,Ochtendloop,,2024-09-09 06:20:59+00:00,2503,Run,"Utrecht, Netherlands",6.22,6.62,41m 8s
628,7075179,Remyo Tielsema,12474138108,60â€™ ğŸ™‚,"Strava loos komende week, focus op BerlijnğŸ§˜. Beste voorbereiding ooit! ğŸ’ªğŸ»ğŸ”¥",2024-09-22 09:24:31+00:00,3856,Run,"Utrecht, Netherlands",11.63,5.53,1h 4m
629,7075179,Remyo Tielsema,12463497630,Ochtendloop â˜€ï¸,,2024-09-21 05:17:08+00:00,2481,Run,"Utrecht, Netherlands",6.23,6.63,41m 21s
630,7075179,Remyo Tielsema,12459278524,90â€™ met 5x5â€™ tempo,,2024-09-20 13:34:43+00:00,5515,Run,"Utrecht, Netherlands",15.16,5.93,1h 30m
631,7075179,Remyo Tielsema,12456629191,41â€™ â˜€ï¸,,2024-09-20 07:27:41+00:00,2637,Run,"Utrecht, Netherlands",6.22,6.53,40m 42s
632,7075179,Remyo Tielsema,12448522792,60â€™ â›…ï¸,,2024-09-19 08:12:39+00:00,3692,Run,"Utrecht, Netherlands",9.32,6.38,59m 36s
633,7075179,Remyo Tielsema,12442555446,15 x 300 p: 100m,,2024-09-18 14:03:53+00:00,4318,Run,"Utrecht, Netherlands",8.88,6.32,56m 5s
634,7075179,Remyo Tielsema,12439666393,Ochtendloop â˜ï¸,,2024-09-18 08:01:01+00:00,2554,Run,"Utrecht, Netherlands",6.22,6.6,41m 7s
635,7075179,Remyo Tielsema,12434902003,57â€™ ğŸ™‚,,2024-09-17 16:42:53+00:00,3558,Run,"Utrecht, Netherlands",8.81,6.47,57m 3s
636,7075179,Remyo Tielsema,12425364786,5 x 10 min p: 2 min ğŸ™‚ğŸ’ªğŸ»,,2024-09-16 14:51:58+00:00,4886,Run,"Amstelveen, Netherlands",14.46,5.52,1h 19m
637,7075179,Remyo Tielsema,12422405952,41â€™ â˜ï¸,,2024-09-16 07:47:35+00:00,2591,Run,"Utrecht, Netherlands",6.21,6.6,40m 59s
638,7075179,Remyo Tielsema,12529990929,BERLIJN MARATHON 2024 ğŸ‡©ğŸ‡ª: 2:12;42 â€”> PR ğŸ™,"Wat een weekend, wat een race! Zo veel aanmoedigingen, zo vaak mâ€™n naam gehoord. Prachtig weekend met All4Running en adidas, heel blij met alle support! ğŸ«¶ğŸ˜€",2024-09-29 07:15:03+00:00,7962,Run,"Mitte, Germany",26.44,5.02,2h 12m
639,7075179,Remyo Tielsema,12529985966,Inlopen,,2024-09-29 06:31:59+00:00,715,Run,"Mitte, Germany",1.49,7.53,11m 13s
640,7075179,Remyo Tielsema,12528481714,10â€™ wakker worden,,2024-09-29 03:38:12+00:00,583,Run,"Charlottenburg-Wilmersdorf, Germany",1.25,7.2,9m 4s
641,7075179,Remyo Tielsema,12521749792,33â€™ met 4â€™ tempo,,2024-09-28 09:02:55+00:00,2134,Run,"Charlottenburg-Wilmersdorf, Germany",5.17,6.35,32m 50s
642,7075179,Remyo Tielsema,12514582262,38â€™ met 5â€™ tempo,,2024-09-27 09:21:34+00:00,2553,Run,"Charlottenburg-Wilmersdorf, Germany",6.21,6.12,38m 4s
643,7075179,Remyo Tielsema,12510300310,42â€™ met 5â€™ tempo,,2024-09-26 16:44:42+00:00,3411,Run,"Charlottenburg-Wilmersdorf, Germany",6.49,6.48,42m 3s
644,7075179,Remyo Tielsema,12498777559,60â€™ Marathon Tempo,,2024-09-25 07:52:22+00:00,4647,Run,"Amstelveen, Netherlands",14.57,5.25,1h 16m
645,7075179,Remyo Tielsema,12489610542,59â€™ met 5â€™ tempo,,2024-09-24 06:28:44+00:00,3647,Run,"Utrecht, Netherlands",9.15,6.42,58m 47s
646,7075179,Remyo Tielsema,12482185170,61â€™ met 2 x 5â€™ tempo,,2024-09-23 09:00:00+00:00,3779,Run,"Utrecht, Netherlands",10.01,6.13,1h 1m
647,7075179,Remyo Tielsema,12591202840,Rocca di CefalÃ¹ met uitzicht â›°ï¸,,2024-10-06 13:15:34+00:00,6572,Walk,"CefalÃ¹, Italy",1.9,,823 ft
648,7075179,Remyo Tielsema,12580550151,Etna hike tot 2700m ğŸŒ‹,,2024-10-05 10:16:01+00:00,12278,Hike,"Nicolosi, Italy",4.73,,2h 21m
649,7075179,Remyo Tielsema,12573055147,Allenamento della forza ğŸ‹ğŸ»â€â™‚ï¸ğŸ‡®ğŸ‡¹ğŸ˜œ,,2024-10-04 14:26:58+00:00,2438,WeightTraining,,40.0,,
650,7075179,Remyo Tielsema,12555694591,Ochtendloop ğŸ¤£,"Aboard mission. Leek me een goed idee, hamstring vond dat wat minder, haha ğŸ˜… nu op naar SiciliÃ« met verplichte looprust",2024-10-02 08:03:41+00:00,334,Run,"Utrecht, Netherlands",0.59,7.3,4m 20s
651,7075179,Remyo Tielsema,12548463641,Let the recovery begin! ğŸ˜‰,,2024-10-01 13:27:50+00:00,4127,Ride,,1.0,,117 bpm
652,7075179,Remyo Tielsema,12637386459,Middagloop â˜€ï¸,"Laatste dag in SiciliÃ«, hardlopen over een oude spoorlijn langs de kust. Eerste kleine interval sinds de marathon! ğŸ‡®ğŸ‡¹ğŸŒŠğŸ’ª",2024-10-12 13:13:22+00:00,3278,Run,"Siracusa, Italy",8.36,6.48,54m 10s
653,7075179,Remyo Tielsema,12629252229,Heftig rondje ğŸ˜…ğŸ¤ª,,2024-10-11 13:14:30+00:00,2384,Run,"Noto, Italy",4.94,,35m 45s
654,7075179,Remyo Tielsema,12628658211,Middaghike â˜€ï¸,+ middagplons,2024-10-11 09:41:31+00:00,9835,Hike,"Noto, Italy",3.4,,1h 19m
655,7075179,Remyo Tielsema,12619311906,Buongiorno â˜€ï¸,,2024-10-10 06:13:14+00:00,3079,Run,"Siculiana, Italy",7.09,7.07,50m 9s
656,7075179,Remyo Tielsema,12606552183,70â€™ ğŸ˜€,"Poging 2, hamstring leeft weer ğŸ˜œ. Zin om weer door te bouwen ğŸ’ªğŸ», maar eerst nog genieten van ğŸ‡®ğŸ‡¹",2024-10-08 14:48:30+00:00,4404,Run,"Siculiana, Italy",9.52,7.2,1h 8m
657,7075179,Remyo Tielsema,12598725693,Korte klim voor een mooi uitzicht,"Eigenlijk niet Strava-waardig, alleen voor de fotoâ€™s ğŸ˜‰",2024-10-07 13:06:12+00:00,5562,Hike,"Castelbuono, Italy",2.63,,1h 13m
658,7075179,Remyo Tielsema,12699836895,70â€™ ğŸ™‚,Eerst de Amsterdam Marathon ğŸ‘€ en daarna weer poging hard te lopen na een griepje! ğŸ“ˆ,2024-10-20 09:45:09+00:00,4249,Run,"Utrecht, Netherlands",10.25,6.83,1h 10m
659,7075179,Remyo Tielsema,12675957043,34â€™,"Beetje verkouden, dus ik doe het nog even rustig aan. ğŸ™‚â€â†•ï¸",2024-10-17 09:28:10+00:00,2167,Run,"Utrecht, Netherlands",5.01,6.75,33m 49s
660,7075179,Remyo Tielsema,12668114805,Middagrit ğŸŒ¤ï¸,,2024-10-16 09:15:31+00:00,4742,Ride,"Utrecht, Netherlands",22.03,,1h 15m
661,7075179,Remyo Tielsema,12658504878,Ochtendloop â˜€ï¸ğŸ¥¶,,2024-10-15 05:28:04+00:00,2613,Run,"Utrecht, Netherlands",6.21,6.75,41m 57s
662,7075179,Remyo Tielsema,12653367823,4 x 6 min ğŸ“ˆ P: 2 min,,2024-10-14 13:29:02+00:00,3604,Run,"Utrecht, Netherlands",9.77,5.9,57m 39s
663,7075179,Remyo Tielsema,12651453056,Back in town ğŸ‡³ğŸ‡±ğŸƒğŸ»â€â™‚ï¸,,2024-10-14 08:14:02+00:00,2163,Run,"Utrecht, Netherlands",4.98,6.77,33m 44s
664,7075179,Remyo Tielsema,12755002432,Ochtendloop ğŸ™‚,,2024-10-27 08:45:50+00:00,3117,Run,"Utrecht, Netherlands",7.46,6.82,50m 53s
665,7075179,Remyo Tielsema,12747611918,82â€™ ğŸŒ¤ï¸,,2024-10-26 09:28:40+00:00,5017,Run,"Utrecht, Netherlands",12.43,6.6,1h 22m
666,7075179,Remyo Tielsema,12739910062,Ochtendloop â˜€ï¸ğŸ™‚,"3 x 8â€™ ğŸ“ˆ, 6 x 55â€™â€™ heuvel op",2024-10-25 08:41:09+00:00,4779,Run,"Utrecht, Netherlands",12.35,6.17,1h 16m
667,7075179,Remyo Tielsema,12731758082,Ochtendloop â˜€ï¸,,2024-10-24 08:17:00+00:00,2304,Run,"Utrecht, Netherlands",5.23,6.87,35m 58s
668,7075179,Remyo Tielsema,12728303598,Gezellige intervaltraining weer met de Wimpies! ğŸ™‚,"5 x 600, 400, 200 p/sp: 200",2024-10-23 16:39:26+00:00,9301,Run,"Amsterdam, Netherlands",9.54,6.62,1h 3m
669,7075179,Remyo Tielsema,12723698898,Ochtendloop â˜ï¸,,2024-10-23 08:38:59+00:00,2178,Run,"Utrecht, Netherlands",4.74,6.98,33m 7s
670,7075179,Remyo Tielsema,12718869206,42â€™ ğŸ™ƒ,,2024-10-22 16:41:05+00:00,2640,Run,"Utrecht, Netherlands",6.21,6.83,42m 28s
671,7075179,Remyo Tielsema,12706922689,"8 x 600, 6 x 200 p/sp: 200",,2024-10-21 07:37:27+00:00,4693,Run,"Utrecht, Netherlands",10.79,6.27,1h 7m
672,7075179,Remyo Tielsema,12867708801,Uitlopen ğŸ™‚,,2024-11-10 12:37:32+00:00,1545,Run,"Amsterdam, Netherlands",3.72,6.87,25m 35s
673,7075179,Remyo Tielsema,12867318261,Olympisch Stadionloop 10.2k ğŸ¥‡,"Eerste prikkel na Berlijn. Moest weer van ver komen na een heerlijke vakantie, griep en aardig kapotte benen. Vandaag een gecontroleerd tempo gelopen ter voorbereiding op de Zevenheuvelenloop volgende week. Dat voelde goed! En het was een superleuke en gezellige thuiswedstrijd bij Phanos met de Wimpies. Eerste race met de Pro 4, echt superfijne schoen! ğŸ™",2024-11-10 11:29:46+00:00,1860,Run,"Amsterdam, Netherlands",6.33,4.9,31m 0s
674,7075179,Remyo Tielsema,12866540105,Inlopen,,2024-11-10 10:42:21+00:00,1932,Run,"Amsterdam, Netherlands",1.99,7.27,14m 28s
675,7075179,Remyo Tielsema,12856694641,31â€™ met 4 x 1â€™,,2024-11-09 06:10:00+00:00,1869,Run,"Utrecht, Netherlands",4.67,6.55,30m 35s
676,7075179,Remyo Tielsema,12852908131,90â€™,,2024-11-08 14:30:06+00:00,5590,Run,"Utrecht, Netherlands",13.68,6.62,1h 30m
677,7075179,Remyo Tielsema,12843213027,32â€™,,2024-11-07 09:39:25+00:00,2047,Run,"Utrecht, Netherlands",4.7,6.82,32m 4s
678,7075179,Remyo Tielsema,12838382419,"7 X (1000 , 300, P=100m), SP=2'; 4 X 100 (ğŸ”¥)",,2024-11-06 16:00:25+00:00,5700,Run,"Amsterdam, Netherlands",13.23,6.4,1h 24m
679,7075179,Remyo Tielsema,12835131750,Ochtendloop â˜ï¸,,2024-11-06 08:48:27+00:00,2742,Run,"Utrecht, Netherlands",6.22,6.97,43m 20s
680,7075179,Remyo Tielsema,12821401777,12 x 300 p: 100m,Snelheidsprikkel weer eensâ€¦ pittig! ğŸ˜…ğŸ˜,2024-11-04 14:26:20+00:00,4297,Run,"Utrecht, Netherlands",8.71,6.63,57m 43s
681,7075179,Remyo Tielsema,12818862526,45â€™ â˜€ï¸,,2024-11-04 07:16:42+00:00,2912,Run,"Utrecht, Netherlands",6.83,6.62,45m 13s
