,Athlete ID,Name,Week Number,Date Range,Distance (km),Time,Elevation (m)
0,46787646,Eliott CRESTAN,01,Activities for 1 Jan 2024 - 7 Jan 2024,41.520972,2h 43m,110.03280000000001
1,46787646,Eliott CRESTAN,02,Activities for 8 Jan 2024 - 14 Jan 2024,40.716302,2h 37m,333.1464
2,46787646,Eliott CRESTAN,03,Activities for 15 Jan 2024 - 21 Jan 2024,30.416525999999998,1h 57m,206.0448
3,46787646,Eliott CRESTAN,04,Activities for 22 Jan 2024 - 28 Jan 2024,26.232242,1h 41m,104.8512
4,46787646,Eliott CRESTAN,05,Activities for 29 Jan 2024 - 4 Feb 2024,29.289987999999997,1h 54m,100.8888
5,46787646,Eliott CRESTAN,06,Activities for 5 Feb 2024 - 11 Feb 2024,35.566414,2h 20m,170.07840000000002
6,46787646,Eliott CRESTAN,07,Activities for 12 Feb 2024 - 18 Feb 2024,24.622902,1h 35m,113.08080000000001
7,46787646,Eliott CRESTAN,08,Activities for 19 Feb 2024 - 25 Feb 2024,37.658556,2h 27m,168.85920000000002
8,46787646,Eliott CRESTAN,09,Activities for 26 Feb 2024 - 3 Mar 2024,7.0810960000000005,0h 26m,9.144
9,46787646,Eliott CRESTAN,10,Week 10 - No Data,0.0,0h 0m,0.0
10,46787646,Eliott CRESTAN,11,Activities for 11 Mar 2024 - 17 Mar 2024,50.372342,3h 15m,181.96560000000002
11,46787646,Eliott CRESTAN,12,Activities for 18 Mar 2024 - 24 Mar 2024,48.441134000000005,3h 9m,185.928
12,46787646,Eliott CRESTAN,13,Activities for 25 Mar 2024 - 31 Mar 2024,51.016078,3h 14m,203.9112
13,46787646,Eliott CRESTAN,14,Activities for 1 Apr 2024 - 7 Apr 2024,56.809701999999994,3h 39m,161.8488
14,46787646,Eliott CRESTAN,15,Activities for 8 Apr 2024 - 14 Apr 2024,37.81949,2h 25m,93.8784
15,46787646,Eliott CRESTAN,16,Activities for 15 Apr 2024 - 21 Apr 2024,36.532018,2h 25m,66.1416
16,46787646,Eliott CRESTAN,17,Activities for 22 Apr 2024 - 28 Apr 2024,30.416525999999998,1h 57m,113.99520000000001
17,46787646,Eliott CRESTAN,18,Activities for 29 Apr 2024 - 5 May 2024,41.84284,2h 43m,160.02
18,46787646,Eliott CRESTAN,19,Activities for 6 May 2024 - 12 May 2024,27.35878,1h 46m,100.8888
19,46787646,Eliott CRESTAN,20,Activities for 13 May 2024 - 19 May 2024,9.173238,0h 36m,34.1376
20,46787646,Eliott CRESTAN,21,Activities for 20 May 2024 - 26 May 2024,9.012303999999999,0h 38m,35.052
21,46787646,Eliott CRESTAN,22,Activities for 27 May 2024 - 2 Jun 2024,31.38213,2h 3m,89.00160000000001
22,46787646,Eliott CRESTAN,23,Activities for 3 Jun 2024 - 9 Jun 2024,7.402963999999999,0h 28m,38.1
23,46787646,Eliott CRESTAN,24,Activities for 10 Jun 2024 - 16 Jun 2024,17.059003999999998,1h 5m,71.0184
24,46787646,Eliott CRESTAN,25,Activities for 17 Jun 2024 - 23 Jun 2024,18.024607999999997,1h 21m,74.9808
25,46787646,Eliott CRESTAN,26,Activities for 24 Jun 2024 - 30 Jun 2024,40.394434000000004,2h 37m,138.9888
26,46787646,Eliott CRESTAN,27,Activities for 1 Jul 2024 - 7 Jul 2024,27.35878,1h 46m,79.8576
27,46787646,Eliott CRESTAN,28,Activities for 8 Jul 2024 - 14 Jul 2024,15.610598,1h 2m,64.00800000000001
28,46787646,Eliott CRESTAN,29,Activities for 15 Jul 2024 - 21 Jul 2024,42.003774,2h 38m,153.0096
29,46787646,Eliott CRESTAN,30,Activities for 22 Jul 2024 - 28 Jul 2024,36.853885999999996,2h 25m,113.08080000000001
30,46787646,Eliott CRESTAN,31,Activities for 29 Jul 2024 - 4 Aug 2024,24.94477,1h 41m,46.0248
31,46787646,Eliott CRESTAN,32,Activities for 5 Aug 2024 - 11 Aug 2024,14.48406,0h 55m,71.9328
32,46787646,Eliott CRESTAN,33,Activities for 12 Aug 2024 - 18 Aug 2024,38.785094,2h 34m,121.92
33,46787646,Eliott CRESTAN,34,Activities for 19 Aug 2024 - 25 Aug 2024,25.427572,1h 39m,78.9432
34,46787646,Eliott CRESTAN,35,Activities for 26 Aug 2024 - 1 Sep 2024,40.394434000000004,2h 41m,150.876
35,46787646,Eliott CRESTAN,36,Activities for 2 Sep 2024 - 8 Sep 2024,33.635206,2h 12m,141.1224
36,46787646,Eliott CRESTAN,37,Activities for 9 Sep 2024 - 15 Sep 2024,24.1401,1h 34m,88.08720000000001
37,46787646,Eliott CRESTAN,38,Week 38 - No Data,0.0,0h 0m,0.0
38,46787646,Eliott CRESTAN,39,Activities for 23 Sep 2024 - 29 Sep 2024,8.529501999999999,0h 33m,0.0
39,46787646,Eliott CRESTAN,40,Activities for 30 Sep 2024 - 6 Oct 2024,36.692952,2h 27m,142.0368
40,46787646,Eliott CRESTAN,41,Activities for 7 Oct 2024 - 13 Oct 2024,62.120524,4h 0m,245.9736
41,46787646,Eliott CRESTAN,42,Activities for 14 Oct 2024 - 20 Oct 2024,58.901844000000004,3h 49m,227.99040000000002
42,46787646,Eliott CRESTAN,43,Activities for 21 Oct 2024 - 27 Oct 2024,64.3736,4h 13m,289.8648
43,46787646,Eliott CRESTAN,44,Activities for 28 Oct 2024 - 3 Nov 2024,65.339204,4h 6m,298.0944
44,46787646,Eliott CRESTAN,45,Activities for 4 Nov 2024 - 10 Nov 2024,65.17827,4h 8m,320.9544
45,95919245,Paulo Roberto PAULA,01,Week 01 - No Data,0.0,0h 0m,0.0
46,95919245,Paulo Roberto PAULA,02,Week 02 - No Data,0.0,0h 0m,0.0
47,95919245,Paulo Roberto PAULA,03,Week 03 - No Data,0.0,0h 0m,0.0
48,95919245,Paulo Roberto PAULA,04,Week 04 - No Data,0.0,0h 0m,0.0
49,95919245,Paulo Roberto PAULA,05,Week 05 - No Data,0.0,0h 0m,0.0
50,95919245,Paulo Roberto PAULA,06,Week 06 - No Data,0.0,0h 0m,0.0
51,95919245,Paulo Roberto PAULA,07,Week 07 - No Data,0.0,0h 0m,0.0
52,95919245,Paulo Roberto PAULA,08,Week 08 - No Data,0.0,0h 0m,0.0
53,95919245,Paulo Roberto PAULA,09,Week 09 - No Data,0.0,0h 0m,0.0
54,95919245,Paulo Roberto PAULA,10,Activities for 4 Mar 2024 - 10 Mar 2024,69.20162,4h 6m,344.11920000000003
55,95919245,Paulo Roberto PAULA,11,Activities for 11 Mar 2024 - 17 Mar 2024,176.38366399999998,10h 27m,858.0120000000001
56,95919245,Paulo Roberto PAULA,12,Activities for 18 Mar 2024 - 24 Mar 2024,180.567948,10h 58m,944.88
57,95919245,Paulo Roberto PAULA,13,Activities for 25 Mar 2024 - 31 Mar 2024,154.49664,9h 29m,680.0088000000001
58,95919245,Paulo Roberto PAULA,14,Activities for 1 Apr 2024 - 7 Apr 2024,192.47706399999998,11h 37m,1146.048
59,95919245,Paulo Roberto PAULA,15,Activities for 8 Apr 2024 - 14 Apr 2024,91.088644,5h 43m,495.9096
60,95919245,Paulo Roberto PAULA,16,Activities for 15 Apr 2024 - 21 Apr 2024,76.121782,4h 52m,474.8784
61,95919245,Paulo Roberto PAULA,17,Activities for 22 Apr 2024 - 28 Apr 2024,85.777822,5h 7m,423.0624
62,95919245,Paulo Roberto PAULA,18,Week 18 - No Data,0.0,0h 0m,0.0
63,95919245,Paulo Roberto PAULA,19,Activities for 6 May 2024 - 12 May 2024,14.323126,0h 57m,202.0824
64,95919245,Paulo Roberto PAULA,20,Activities for 13 May 2024 - 19 May 2024,46.509926,3h 31m,341.07120000000003
65,95919245,Paulo Roberto PAULA,21,Week 21 - No Data,0.0,0h 0m,0.0
66,95919245,Paulo Roberto PAULA,22,Week 22 - No Data,0.0,0h 0m,0.0
67,95919245,Paulo Roberto PAULA,23,Week 23 - No Data,0.0,0h 0m,0.0
68,95919245,Paulo Roberto PAULA,24,Week 24 - No Data,0.0,0h 0m,0.0
69,95919245,Paulo Roberto PAULA,25,Week 25 - No Data,0.0,0h 0m,0.0
70,95919245,Paulo Roberto PAULA,26,Week 26 - No Data,0.0,0h 0m,0.0
71,95919245,Paulo Roberto PAULA,27,Week 27 - No Data,0.0,0h 0m,0.0
72,95919245,Paulo Roberto PAULA,28,Week 28 - No Data,0.0,0h 0m,0.0
73,95919245,Paulo Roberto PAULA,29,Week 29 - No Data,0.0,0h 0m,0.0
74,95919245,Paulo Roberto PAULA,30,Week 30 - No Data,0.0,0h 0m,0.0
75,95919245,Paulo Roberto PAULA,31,Week 31 - No Data,0.0,0h 0m,0.0
76,95919245,Paulo Roberto PAULA,32,Activities for 5 Aug 2024 - 11 Aug 2024,10.299776000000001,0h 38m,17.0688
77,95919245,Paulo Roberto PAULA,33,Week 33 - No Data,0.0,0h 0m,0.0
78,95919245,Paulo Roberto PAULA,34,Week 34 - No Data,0.0,0h 0m,0.0
79,95919245,Paulo Roberto PAULA,35,Week 35 - No Data,0.0,0h 0m,0.0
80,95919245,Paulo Roberto PAULA,36,Week 36 - No Data,0.0,0h 0m,0.0
81,95919245,Paulo Roberto PAULA,37,Week 37 - No Data,0.0,0h 0m,0.0
82,95919245,Paulo Roberto PAULA,38,Week 38 - No Data,0.0,0h 0m,0.0
83,95919245,Paulo Roberto PAULA,39,Week 39 - No Data,0.0,0h 0m,0.0
84,95919245,Paulo Roberto PAULA,40,Week 40 - No Data,0.0,0h 0m,0.0
85,95919245,Paulo Roberto PAULA,41,Week 41 - No Data,0.0,0h 0m,0.0
86,95919245,Paulo Roberto PAULA,42,Week 42 - No Data,0.0,0h 0m,0.0
87,95919245,Paulo Roberto PAULA,43,Week 43 - No Data,0.0,0h 0m,0.0
88,95919245,Paulo Roberto PAULA,44,Week 44 - No Data,0.0,0h 0m,0.0
89,95919245,Paulo Roberto PAULA,45,Week 45 - No Data,0.0,0h 0m,0.0
90,43228727,Jan BADIA,01,Week 01 - No Data,0.0,0h 0m,0.0
91,43228727,Jan BADIA,02,Week 02 - No Data,0.0,0h 0m,0.0
92,43228727,Jan BADIA,03,Week 03 - No Data,0.0,0h 0m,0.0
93,43228727,Jan BADIA,04,Week 04 - No Data,0.0,0h 0m,0.0
94,43228727,Jan BADIA,05,Week 05 - No Data,0.0,0h 0m,0.0
95,43228727,Jan BADIA,06,Week 06 - No Data,0.0,0h 0m,0.0
96,43228727,Jan BADIA,07,Week 07 - No Data,0.0,0h 0m,0.0
97,43228727,Jan BADIA,08,Week 08 - No Data,0.0,0h 0m,0.0
98,43228727,Jan BADIA,09,Week 09 - No Data,0.0,0h 0m,0.0
99,43228727,Jan BADIA,10,Week 10 - No Data,0.0,0h 0m,0.0
100,43228727,Jan BADIA,11,Week 11 - No Data,0.0,0h 0m,0.0
101,43228727,Jan BADIA,12,Week 12 - No Data,0.0,0h 0m,0.0
102,43228727,Jan BADIA,13,Week 13 - No Data,0.0,0h 0m,0.0
103,43228727,Jan BADIA,14,Week 14 - No Data,0.0,0h 0m,0.0
104,43228727,Jan BADIA,15,Week 15 - No Data,0.0,0h 0m,0.0
105,43228727,Jan BADIA,16,Week 16 - No Data,0.0,0h 0m,0.0
106,43228727,Jan BADIA,17,Week 17 - No Data,0.0,0h 0m,0.0
107,43228727,Jan BADIA,18,Week 18 - No Data,0.0,0h 0m,0.0
108,43228727,Jan BADIA,19,Week 19 - No Data,0.0,0h 0m,0.0
109,43228727,Jan BADIA,20,Week 20 - No Data,0.0,0h 0m,0.0
110,43228727,Jan BADIA,21,Week 21 - No Data,0.0,0h 0m,0.0
111,43228727,Jan BADIA,22,Week 22 - No Data,0.0,0h 0m,0.0
112,43228727,Jan BADIA,23,Week 23 - No Data,0.0,0h 0m,0.0
113,43228727,Jan BADIA,24,Week 24 - No Data,0.0,0h 0m,0.0
114,43228727,Jan BADIA,25,Week 25 - No Data,0.0,0h 0m,0.0
115,43228727,Jan BADIA,26,Week 26 - No Data,0.0,0h 0m,0.0
116,43228727,Jan BADIA,27,Week 27 - No Data,0.0,0h 0m,0.0
117,43228727,Jan BADIA,28,Week 28 - No Data,0.0,0h 0m,0.0
118,43228727,Jan BADIA,29,Week 29 - No Data,0.0,0h 0m,0.0
119,43228727,Jan BADIA,30,Week 30 - No Data,0.0,0h 0m,0.0
120,43228727,Jan BADIA,31,Week 31 - No Data,0.0,0h 0m,0.0
121,43228727,Jan BADIA,32,Week 32 - No Data,0.0,0h 0m,0.0
122,43228727,Jan BADIA,33,Week 33 - No Data,0.0,0h 0m,0.0
123,43228727,Jan BADIA,34,Week 34 - No Data,0.0,0h 0m,0.0
124,43228727,Jan BADIA,35,Week 35 - No Data,0.0,0h 0m,0.0
125,43228727,Jan BADIA,36,Week 36 - No Data,0.0,0h 0m,0.0
126,43228727,Jan BADIA,37,Week 37 - No Data,0.0,0h 0m,0.0
127,43228727,Jan BADIA,38,Week 38 - No Data,0.0,0h 0m,0.0
128,43228727,Jan BADIA,39,Week 39 - No Data,0.0,0h 0m,0.0
129,43228727,Jan BADIA,40,Week 40 - No Data,0.0,0h 0m,0.0
130,43228727,Jan BADIA,41,Week 41 - No Data,0.0,0h 0m,0.0
131,43228727,Jan BADIA,42,Week 42 - No Data,0.0,0h 0m,0.0
132,43228727,Jan BADIA,43,Activities for 21 Oct 2024 - 27 Oct 2024,64.212666,4h 39m,278.5872
133,43228727,Jan BADIA,44,Activities for 28 Oct 2024 - 3 Nov 2024,84.973152,6h 1m,383.7432
134,43228727,Jan BADIA,45,Activities for 4 Nov 2024 - 10 Nov 2024,98.330674,7h 14m,646.7856
135,34017215,Colin DALY,01,Week 01 - No Data,0.0,0h 0m,0.0
136,34017215,Colin DALY,02,Week 02 - No Data,0.0,0h 0m,0.0
137,34017215,Colin DALY,03,Week 03 - No Data,0.0,0h 0m,0.0
138,34017215,Colin DALY,04,Week 04 - No Data,0.0,0h 0m,0.0
139,34017215,Colin DALY,05,Week 05 - No Data,0.0,0h 0m,0.0
140,34017215,Colin DALY,06,Week 06 - No Data,0.0,0h 0m,0.0
141,34017215,Colin DALY,07,Week 07 - No Data,0.0,0h 0m,0.0
142,34017215,Colin DALY,08,Week 08 - No Data,0.0,0h 0m,0.0
143,34017215,Colin DALY,09,Week 09 - No Data,0.0,0h 0m,0.0
144,34017215,Colin DALY,10,Week 10 - No Data,0.0,0h 0m,0.0
145,34017215,Colin DALY,11,Week 11 - No Data,0.0,0h 0m,0.0
146,34017215,Colin DALY,12,Week 12 - No Data,0.0,0h 0m,0.0
147,34017215,Colin DALY,13,Week 13 - No Data,0.0,0h 0m,0.0
148,34017215,Colin DALY,14,Week 14 - No Data,0.0,0h 0m,0.0
149,34017215,Colin DALY,15,Week 15 - No Data,0.0,0h 0m,0.0
150,34017215,Colin DALY,16,Week 16 - No Data,0.0,0h 0m,0.0
151,34017215,Colin DALY,17,Week 17 - No Data,0.0,0h 0m,0.0
152,34017215,Colin DALY,18,Week 18 - No Data,0.0,0h 0m,0.0
153,34017215,Colin DALY,19,Week 19 - No Data,0.0,0h 0m,0.0
154,34017215,Colin DALY,20,Week 20 - No Data,0.0,0h 0m,0.0
155,34017215,Colin DALY,21,Week 21 - No Data,0.0,0h 0m,0.0
156,34017215,Colin DALY,22,Week 22 - No Data,0.0,0h 0m,0.0
157,34017215,Colin DALY,23,Week 23 - No Data,0.0,0h 0m,0.0
158,34017215,Colin DALY,24,Week 24 - No Data,0.0,0h 0m,0.0
159,34017215,Colin DALY,25,Week 25 - No Data,0.0,0h 0m,0.0
160,34017215,Colin DALY,26,Week 26 - No Data,0.0,0h 0m,0.0
161,34017215,Colin DALY,27,Week 27 - No Data,0.0,0h 0m,0.0
162,34017215,Colin DALY,28,Week 28 - No Data,0.0,0h 0m,0.0
163,34017215,Colin DALY,29,Week 29 - No Data,0.0,0h 0m,0.0
164,34017215,Colin DALY,30,Week 30 - No Data,0.0,0h 0m,0.0
165,34017215,Colin DALY,31,Week 31 - No Data,0.0,0h 0m,0.0
166,34017215,Colin DALY,32,Week 32 - No Data,0.0,0h 0m,0.0
167,34017215,Colin DALY,33,Week 33 - No Data,0.0,0h 0m,0.0
168,34017215,Colin DALY,34,Week 34 - No Data,0.0,0h 0m,0.0
169,34017215,Colin DALY,35,Week 35 - No Data,0.0,0h 0m,0.0
170,34017215,Colin DALY,36,Week 36 - No Data,0.0,0h 0m,0.0
171,34017215,Colin DALY,37,Week 37 - No Data,0.0,0h 0m,0.0
172,34017215,Colin DALY,38,Week 38 - No Data,0.0,0h 0m,0.0
173,34017215,Colin DALY,39,Week 39 - No Data,0.0,0h 0m,0.0
174,34017215,Colin DALY,40,Week 40 - No Data,0.0,0h 0m,0.0
175,34017215,Colin DALY,41,Week 41 - No Data,0.0,0h 0m,0.0
176,34017215,Colin DALY,42,Week 42 - No Data,0.0,0h 0m,0.0
177,34017215,Colin DALY,43,Week 43 - No Data,0.0,0h 0m,0.0
178,34017215,Colin DALY,44,Week 44 - No Data,0.0,0h 0m,0.0
179,34017215,Colin DALY,45,Week 45 - No Data,0.0,0h 0m,0.0
180,19686000,Rory LEONARD,01,Activities for 1 Jan 2024 - 7 Jan 2024,115.22874399999999,7h 54m,469.0872
181,19686000,Rory LEONARD,02,Activities for 8 Jan 2024 - 14 Jan 2024,138.886042,9h 12m,469.0872
182,19686000,Rory LEONARD,03,Activities for 15 Jan 2024 - 21 Jan 2024,123.275444,8h 20m,526.9992
183,19686000,Rory LEONARD,04,Activities for 22 Jan 2024 - 28 Jan 2024,142.587524,9h 57m,534.0096
184,19686000,Rory LEONARD,05,Activities for 29 Jan 2024 - 4 Feb 2024,96.88226800000001,6h 28m,326.136
185,19686000,Rory LEONARD,06,Activities for 5 Feb 2024 - 11 Feb 2024,63.56893,4h 16m,127.1016
186,19686000,Rory LEONARD,07,Activities for 12 Feb 2024 - 18 Feb 2024,26.55411,1h 51m,320.9544
187,19686000,Rory LEONARD,08,Activities for 19 Feb 2024 - 25 Feb 2024,89.96210599999999,5h 48m,238.9632
188,19686000,Rory LEONARD,09,Activities for 26 Feb 2024 - 3 Mar 2024,155.30131,10h 39m,459.02880000000005
189,19686000,Rory LEONARD,10,Activities for 4 Mar 2024 - 10 Mar 2024,100.422816,6h 40m,199.9488
190,19686000,Rory LEONARD,11,Activities for 11 Mar 2024 - 17 Mar 2024,80.94980199999999,5h 25m,388.0104
191,19686000,Rory LEONARD,12,Activities for 18 Mar 2024 - 24 Mar 2024,116.35528199999999,8h 14m,992.124
192,19686000,Rory LEONARD,13,Activities for 25 Mar 2024 - 31 Mar 2024,139.046976,9h 49m,736.092
193,19686000,Rory LEONARD,14,Activities for 1 Apr 2024 - 7 Apr 2024,150.31235600000002,10h 12m,936.9552
194,19686000,Rory LEONARD,15,Activities for 8 Apr 2024 - 14 Apr 2024,150.47329,10h 21m,872.9472000000001
195,19686000,Rory LEONARD,16,Activities for 15 Apr 2024 - 21 Apr 2024,145.64527,10h 16m,751.9416
196,19686000,Rory LEONARD,17,Activities for 22 Apr 2024 - 28 Apr 2024,97.847872,6h 55m,181.05120000000002
197,19686000,Rory LEONARD,18,Activities for 29 Apr 2024 - 5 May 2024,166.88855800000002,11h 2m,426.1104
198,19686000,Rory LEONARD,19,Activities for 6 May 2024 - 12 May 2024,152.565432,10h 36m,256.94640000000004
199,19686000,Rory LEONARD,20,Activities for 13 May 2024 - 19 May 2024,71.77656400000001,4h 46m,92.964
200,19686000,Rory LEONARD,21,Activities for 20 May 2024 - 26 May 2024,116.033414,7h 55m,729.0816
201,19686000,Rory LEONARD,22,Activities for 27 May 2024 - 2 Jun 2024,152.243564,10h 41m,1275.8928
202,19686000,Rory LEONARD,23,Activities for 3 Jun 2024 - 9 Jun 2024,100.100948,7h 6m,611.124
203,19686000,Rory LEONARD,24,Activities for 10 Jun 2024 - 16 Jun 2024,47.314595999999995,3h 9m,352.95840000000004
204,19686000,Rory LEONARD,25,Activities for 17 Jun 2024 - 23 Jun 2024,85.29502,5h 49m,534.924
205,19686000,Rory LEONARD,26,Activities for 24 Jun 2024 - 30 Jun 2024,61.315854,4h 3m,281.0256
206,19686000,Rory LEONARD,27,Activities for 1 Jul 2024 - 7 Jul 2024,88.99650199999999,6h 6m,602.8944
207,19686000,Rory LEONARD,28,Activities for 8 Jul 2024 - 14 Jul 2024,72.09843199999999,4h 40m,381.9144
208,19686000,Rory LEONARD,29,Activities for 15 Jul 2024 - 21 Jul 2024,34.60081,2h 28m,136.8552
209,19686000,Rory LEONARD,30,Activities for 22 Jul 2024 - 28 Jul 2024,32.025866,2h 11m,252.0696
210,19686000,Rory LEONARD,31,Activities for 29 Jul 2024 - 4 Aug 2024,106.538308,6h 49m,652.8816
211,19686000,Rory LEONARD,32,Activities for 5 Aug 2024 - 11 Aug 2024,23.818232000000002,1h 25m,225.85680000000002
212,19686000,Rory LEONARD,33,Activities for 12 Aug 2024 - 18 Aug 2024,67.59228,4h 11m,459.02880000000005
213,19686000,Rory LEONARD,34,Activities for 19 Aug 2024 - 25 Aug 2024,79.01859400000001,4h 55m,509.9304
214,19686000,Rory LEONARD,35,Activities for 26 Aug 2024 - 1 Sep 2024,90.605842,6h 0m,1039.9776000000002
215,19686000,Rory LEONARD,36,Activities for 2 Sep 2024 - 8 Sep 2024,45.86619,2h 30m,264.8712
216,19686000,Rory LEONARD,37,Activities for 9 Sep 2024 - 15 Sep 2024,97.36507,6h 27m,765.9624
217,19686000,Rory LEONARD,38,Activities for 16 Sep 2024 - 22 Sep 2024,115.389678,7h 46m,727.8624000000001
218,19686000,Rory LEONARD,39,Activities for 23 Sep 2024 - 29 Sep 2024,132.448682,8h 41m,682.1424000000001
219,19686000,Rory LEONARD,40,Activities for 30 Sep 2024 - 6 Oct 2024,119.734896,8h 4m,812.9016
220,19686000,Rory LEONARD,41,Activities for 7 Oct 2024 - 13 Oct 2024,138.081372,8h 39m,893.9784000000001
221,19686000,Rory LEONARD,42,Activities for 14 Oct 2024 - 20 Oct 2024,133.414286,8h 42m,1089.9648
222,19686000,Rory LEONARD,43,Activities for 21 Oct 2024 - 27 Oct 2024,117.80368800000001,7h 52m,894.8928000000001
223,19686000,Rory LEONARD,44,Activities for 28 Oct 2024 - 3 Nov 2024,124.40198199999999,7h 52m,156.972
224,19686000,Rory LEONARD,45,Activities for 4 Nov 2024 - 10 Nov 2024,127.94253,7h 52m,320.9544
225,3593920,Samuel TANNER,01,Week 01 - No Data,0.0,0h 0m,0.0
226,3593920,Samuel TANNER,02,Week 02 - No Data,0.0,0h 0m,0.0
227,3593920,Samuel TANNER,03,Week 03 - No Data,0.0,0h 0m,0.0
228,3593920,Samuel TANNER,04,Week 04 - No Data,0.0,0h 0m,0.0
229,3593920,Samuel TANNER,05,Week 05 - No Data,0.0,0h 0m,0.0
230,3593920,Samuel TANNER,06,Week 06 - No Data,0.0,0h 0m,0.0
231,3593920,Samuel TANNER,07,Week 07 - No Data,0.0,0h 0m,0.0
232,3593920,Samuel TANNER,08,Week 08 - No Data,0.0,0h 0m,0.0
233,3593920,Samuel TANNER,09,Week 09 - No Data,0.0,0h 0m,0.0
234,3593920,Samuel TANNER,10,Week 10 - No Data,0.0,0h 0m,0.0
235,3593920,Samuel TANNER,11,Week 11 - No Data,0.0,0h 0m,0.0
236,3593920,Samuel TANNER,12,Week 12 - No Data,0.0,0h 0m,0.0
237,3593920,Samuel TANNER,13,Week 13 - No Data,0.0,0h 0m,0.0
238,3593920,Samuel TANNER,14,Week 14 - No Data,0.0,0h 0m,0.0
239,3593920,Samuel TANNER,15,Week 15 - No Data,0.0,0h 0m,0.0
240,3593920,Samuel TANNER,16,Activities for 15 Apr 2024 - 21 Apr 2024,16.576202000000002,2h 24m,88.08720000000001
241,3593920,Samuel TANNER,17,Activities for 22 Apr 2024 - 28 Apr 2024,6.759228,0h 34m,28.956000000000003
242,3593920,Samuel TANNER,18,Week 18 - No Data,0.0,0h 0m,0.0
243,3593920,Samuel TANNER,19,Activities for 6 May 2024 - 12 May 2024,42.164708,4h 16m,430.07280000000003
244,3593920,Samuel TANNER,20,Activities for 13 May 2024 - 19 May 2024,36.371084,4h 26m,572.1096
245,3593920,Samuel TANNER,21,Activities for 20 May 2024 - 26 May 2024,11.587248,1h 8m,235.0008
246,3593920,Samuel TANNER,22,Activities for 27 May 2024 - 2 Jun 2024,21.082354,2h 13m,320.9544
247,3593920,Samuel TANNER,23,Activities for 3 Jun 2024 - 9 Jun 2024,3.21868,0h 17m,17.0688
248,3593920,Samuel TANNER,24,Activities for 10 Jun 2024 - 16 Jun 2024,15.449663999999999,1h 23m,156.0576
249,3593920,Samuel TANNER,25,Activities for 17 Jun 2024 - 23 Jun 2024,26.232242,3h 14m,341.98560000000003
250,3593920,Samuel TANNER,26,Activities for 24 Jun 2024 - 30 Jun 2024,43.45218,8h 51m,3243.9864000000002
251,3593920,Samuel TANNER,27,Week 27 - No Data,0.0,0h 0m,0.0
252,3593920,Samuel TANNER,28,Week 28 - No Data,0.0,0h 0m,0.0
253,3593920,Samuel TANNER,29,Week 29 - No Data,0.0,0h 0m,0.0
254,3593920,Samuel TANNER,30,Week 30 - No Data,0.0,0h 0m,0.0
255,3593920,Samuel TANNER,31,Week 31 - No Data,0.0,0h 0m,0.0
256,3593920,Samuel TANNER,32,Week 32 - No Data,0.0,0h 0m,0.0
257,3593920,Samuel TANNER,33,Week 33 - No Data,0.0,0h 0m,0.0
258,3593920,Samuel TANNER,34,Week 34 - No Data,0.0,0h 0m,0.0
259,3593920,Samuel TANNER,35,Week 35 - No Data,0.0,0h 0m,0.0
260,3593920,Samuel TANNER,36,Week 36 - No Data,0.0,0h 0m,0.0
261,3593920,Samuel TANNER,37,Week 37 - No Data,0.0,0h 0m,0.0
262,3593920,Samuel TANNER,38,Week 38 - No Data,0.0,0h 0m,0.0
263,3593920,Samuel TANNER,39,Week 39 - No Data,0.0,0h 0m,0.0
264,3593920,Samuel TANNER,40,Week 40 - No Data,0.0,0h 0m,0.0
265,3593920,Samuel TANNER,41,Week 41 - No Data,0.0,0h 0m,0.0
266,3593920,Samuel TANNER,42,Week 42 - No Data,0.0,0h 0m,0.0
267,3593920,Samuel TANNER,43,Week 43 - No Data,0.0,0h 0m,0.0
268,3593920,Samuel TANNER,44,Week 44 - No Data,0.0,0h 0m,0.0
269,3593920,Samuel TANNER,45,Week 45 - No Data,0.0,0h 0m,0.0
270,63632176,Vladimir NIKITIN,01,Week 01 - No Data,0.0,0h 0m,0.0
271,63632176,Vladimir NIKITIN,02,Week 02 - No Data,0.0,0h 0m,0.0
272,63632176,Vladimir NIKITIN,03,Week 03 - No Data,0.0,0h 0m,0.0
273,63632176,Vladimir NIKITIN,04,Week 04 - No Data,0.0,0h 0m,0.0
274,63632176,Vladimir NIKITIN,05,Week 05 - No Data,0.0,0h 0m,0.0
275,63632176,Vladimir NIKITIN,06,Week 06 - No Data,0.0,0h 0m,0.0
276,63632176,Vladimir NIKITIN,07,Week 07 - No Data,0.0,0h 0m,0.0
277,63632176,Vladimir NIKITIN,08,Week 08 - No Data,0.0,0h 0m,0.0
278,63632176,Vladimir NIKITIN,09,Week 09 - No Data,0.0,0h 0m,0.0
279,63632176,Vladimir NIKITIN,10,Week 10 - No Data,0.0,0h 0m,0.0
280,63632176,Vladimir NIKITIN,11,Week 11 - No Data,0.0,0h 0m,0.0
281,63632176,Vladimir NIKITIN,12,Week 12 - No Data,0.0,0h 0m,0.0
282,63632176,Vladimir NIKITIN,13,Week 13 - No Data,0.0,0h 0m,0.0
283,63632176,Vladimir NIKITIN,14,Week 14 - No Data,0.0,0h 0m,0.0
284,63632176,Vladimir NIKITIN,15,Week 15 - No Data,0.0,0h 0m,0.0
285,63632176,Vladimir NIKITIN,16,Week 16 - No Data,0.0,0h 0m,0.0
286,63632176,Vladimir NIKITIN,17,Week 17 - No Data,0.0,0h 0m,0.0
287,63632176,Vladimir NIKITIN,18,Week 18 - No Data,0.0,0h 0m,0.0
288,63632176,Vladimir NIKITIN,19,Week 19 - No Data,0.0,0h 0m,0.0
289,63632176,Vladimir NIKITIN,20,Week 20 - No Data,0.0,0h 0m,0.0
290,63632176,Vladimir NIKITIN,21,Week 21 - No Data,0.0,0h 0m,0.0
291,63632176,Vladimir NIKITIN,22,Week 22 - No Data,0.0,0h 0m,0.0
292,63632176,Vladimir NIKITIN,23,Week 23 - No Data,0.0,0h 0m,0.0
293,63632176,Vladimir NIKITIN,24,Week 24 - No Data,0.0,0h 0m,0.0
294,63632176,Vladimir NIKITIN,25,Week 25 - No Data,0.0,0h 0m,0.0
295,63632176,Vladimir NIKITIN,26,Week 26 - No Data,0.0,0h 0m,0.0
296,63632176,Vladimir NIKITIN,27,Week 27 - No Data,0.0,0h 0m,0.0
297,63632176,Vladimir NIKITIN,28,Week 28 - No Data,0.0,0h 0m,0.0
298,63632176,Vladimir NIKITIN,29,Week 29 - No Data,0.0,0h 0m,0.0
299,63632176,Vladimir NIKITIN,30,Week 30 - No Data,0.0,0h 0m,0.0
300,63632176,Vladimir NIKITIN,31,Week 31 - No Data,0.0,0h 0m,0.0
301,63632176,Vladimir NIKITIN,32,Week 32 - No Data,0.0,0h 0m,0.0
302,63632176,Vladimir NIKITIN,33,Week 33 - No Data,0.0,0h 0m,0.0
303,63632176,Vladimir NIKITIN,34,Week 34 - No Data,0.0,0h 0m,0.0
304,63632176,Vladimir NIKITIN,35,Week 35 - No Data,0.0,0h 0m,0.0
305,63632176,Vladimir NIKITIN,36,Week 36 - No Data,0.0,0h 0m,0.0
306,63632176,Vladimir NIKITIN,37,Week 37 - No Data,0.0,0h 0m,0.0
307,63632176,Vladimir NIKITIN,38,Week 38 - No Data,0.0,0h 0m,0.0
308,63632176,Vladimir NIKITIN,39,Week 39 - No Data,0.0,0h 0m,0.0
309,63632176,Vladimir NIKITIN,40,Week 40 - No Data,0.0,0h 0m,0.0
310,63632176,Vladimir NIKITIN,41,Week 41 - No Data,0.0,0h 0m,0.0
311,63632176,Vladimir NIKITIN,42,Week 42 - No Data,0.0,0h 0m,0.0
312,63632176,Vladimir NIKITIN,43,Week 43 - No Data,0.0,0h 0m,0.0
313,63632176,Vladimir NIKITIN,44,Week 44 - No Data,0.0,0h 0m,0.0
314,63632176,Vladimir NIKITIN,45,Week 45 - No Data,0.0,0h 0m,0.0
315,33502406,Henry FISHER,01,Activities for 1 Jan 2024 - 7 Jan 2024,18.990212,1h 34m,61.8744
316,33502406,Henry FISHER,02,Activities for 8 Jan 2024 - 14 Jan 2024,39.589764,5h 4m,377.0376
317,33502406,Henry FISHER,03,Activities for 15 Jan 2024 - 21 Jan 2024,17.059003999999998,2h 56m,61.8744
318,33502406,Henry FISHER,04,Activities for 22 Jan 2024 - 28 Jan 2024,51.659814000000004,5h 51m,438.91200000000003
319,33502406,Henry FISHER,05,Activities for 29 Jan 2024 - 4 Feb 2024,41.03817,5h 41m,566.0136
320,33502406,Henry FISHER,06,Activities for 5 Feb 2024 - 11 Feb 2024,49.406738,5h 53m,576.9864
321,33502406,Henry FISHER,07,Activities for 12 Feb 2024 - 18 Feb 2024,21.887024,2h 45m,188.0616
322,33502406,Henry FISHER,08,Activities for 19 Feb 2024 - 25 Feb 2024,56.165966,5h 27m,223.11360000000002
323,33502406,Henry FISHER,09,Activities for 26 Feb 2024 - 3 Mar 2024,42.969378,5h 17m,409.0416
324,33502406,Henry FISHER,10,Activities for 4 Mar 2024 - 10 Mar 2024,58.74091,6h 37m,427.0248
325,33502406,Henry FISHER,11,Activities for 11 Mar 2024 - 17 Mar 2024,61.15492,6h 45m,591.9216
326,33502406,Henry FISHER,12,Activities for 18 Mar 2024 - 24 Mar 2024,61.476788000000006,5h 41m,527.9136
327,33502406,Henry FISHER,13,Activities for 25 Mar 2024 - 31 Mar 2024,17.863674,1h 33m,295.9608
328,33502406,Henry FISHER,14,Activities for 1 Apr 2024 - 7 Apr 2024,45.383388,5h 54m,355.09200000000004
329,33502406,Henry FISHER,15,Activities for 8 Apr 2024 - 14 Apr 2024,59.384646,5h 50m,369.1128
330,33502406,Henry FISHER,16,Activities for 15 Apr 2024 - 21 Apr 2024,34.439876,6h 15m,206.9592
331,33502406,Henry FISHER,17,Activities for 22 Apr 2024 - 28 Apr 2024,44.25685,5h 24m,537.0576
332,33502406,Henry FISHER,18,Activities for 29 Apr 2024 - 5 May 2024,67.270412,11h 18m,1542.8976
333,33502406,Henry FISHER,19,Activities for 6 May 2024 - 12 May 2024,46.348992,6h 44m,526.9992
334,33502406,Henry FISHER,20,Activities for 13 May 2024 - 19 May 2024,59.22371199999999,7h 14m,424.8912
335,33502406,Henry FISHER,21,Activities for 20 May 2024 - 26 May 2024,49.728606,7h 26m,472.1352
336,33502406,Henry FISHER,22,Activities for 27 May 2024 - 2 Jun 2024,44.417784000000005,4h 22m,434.03520000000003
337,33502406,Henry FISHER,23,Activities for 3 Jun 2024 - 9 Jun 2024,57.775306,6h 3m,323.088
338,33502406,Henry FISHER,24,Activities for 10 Jun 2024 - 16 Jun 2024,52.786351999999994,6h 28m,291.9984
339,33502406,Henry FISHER,25,Activities for 17 Jun 2024 - 23 Jun 2024,57.614371999999996,6h 51m,289.8648
340,33502406,Henry FISHER,26,Activities for 24 Jun 2024 - 30 Jun 2024,35.566414,4h 37m,161.8488
341,33502406,Henry FISHER,27,Activities for 1 Jul 2024 - 7 Jul 2024,53.269154,5h 35m,470.916
342,33502406,Henry FISHER,28,Activities for 8 Jul 2024 - 14 Jul 2024,53.269154,5h 43m,242.9256
343,33502406,Henry FISHER,29,Activities for 15 Jul 2024 - 21 Jul 2024,58.419042,5h 40m,292.9128
344,33502406,Henry FISHER,30,Activities for 22 Jul 2024 - 28 Jul 2024,16.415267999999998,3h 37m,1068.9336
345,33502406,Henry FISHER,31,Activities for 29 Jul 2024 - 4 Aug 2024,18.990212,1h 35m,73.152
346,33502406,Henry FISHER,32,Activities for 5 Aug 2024 - 11 Aug 2024,47.314595999999995,4h 1m,202.0824
347,33502406,Henry FISHER,33,Activities for 12 Aug 2024 - 18 Aug 2024,57.453438000000006,5h 53m,213.0552
348,33502406,Henry FISHER,34,Activities for 19 Aug 2024 - 25 Aug 2024,59.062778,4h 56m,239.8776
349,33502406,Henry FISHER,35,Activities for 26 Aug 2024 - 1 Sep 2024,69.684422,7h 8m,288.9504
350,33502406,Henry FISHER,36,Activities for 2 Sep 2024 - 8 Sep 2024,65.017336,5h 44m,104.8512
351,33502406,Henry FISHER,37,Activities for 9 Sep 2024 - 15 Sep 2024,65.66107199999999,6h 26m,289.8648
352,33502406,Henry FISHER,38,Activities for 16 Sep 2024 - 22 Sep 2024,102.032156,8h 21m,426.1104
353,33502406,Henry FISHER,39,Activities for 23 Sep 2024 - 29 Sep 2024,56.648768000000004,5h 55m,220.98000000000002
354,33502406,Henry FISHER,40,Activities for 30 Sep 2024 - 6 Oct 2024,66.143874,5h 27m,384.048
355,33502406,Henry FISHER,41,Activities for 7 Oct 2024 - 13 Oct 2024,6.759228,2h 12m,38.1
356,33502406,Henry FISHER,42,Activities for 14 Oct 2024 - 20 Oct 2024,34.118007999999996,3h 9m,469.0872
357,33502406,Henry FISHER,43,Activities for 21 Oct 2024 - 27 Oct 2024,22.53076,2h 3m,93.8784
358,33502406,Henry FISHER,44,Activities for 28 Oct 2024 - 3 Nov 2024,38.62416,3h 10m,180.13680000000002
359,33502406,Henry FISHER,45,Activities for 4 Nov 2024 - 10 Nov 2024,32.99147,3h 31m,199.0344
360,40541312,Émile TOUPIN,01,Activities for 1 Jan 2024 - 7 Jan 2024,74.512442,5h 51m,294.132
361,40541312,Émile TOUPIN,02,Activities for 8 Jan 2024 - 14 Jan 2024,82.237274,6h 24m,32.9184
362,40541312,Émile TOUPIN,03,Activities for 15 Jan 2024 - 21 Jan 2024,81.915406,6h 38m,124.968
363,40541312,Émile TOUPIN,04,Activities for 22 Jan 2024 - 28 Jan 2024,50.533276,4h 4m,0.0
364,40541312,Émile TOUPIN,05,Activities for 29 Jan 2024 - 4 Feb 2024,72.581234,5h 30m,0.0
365,40541312,Émile TOUPIN,06,Activities for 5 Feb 2024 - 11 Feb 2024,79.179528,6h 8m,67.056
366,40541312,Émile TOUPIN,07,Activities for 12 Feb 2024 - 18 Feb 2024,79.66233,6h 2m,170.99280000000002
367,40541312,Émile TOUPIN,08,Activities for 19 Feb 2024 - 25 Feb 2024,74.67337599999999,6h 40m,306.9336
368,40541312,Émile TOUPIN,09,Activities for 26 Feb 2024 - 3 Mar 2024,61.637722,4h 32m,214.88400000000001
369,40541312,Émile TOUPIN,10,Activities for 4 Mar 2024 - 10 Mar 2024,80.14513199999999,5h 57m,232.86720000000003
370,40541312,Émile TOUPIN,11,Activities for 11 Mar 2024 - 17 Mar 2024,79.984198,6h 8m,456.89520000000005
371,40541312,Émile TOUPIN,12,Activities for 18 Mar 2024 - 24 Mar 2024,83.846614,6h 27m,270.9672
372,40541312,Émile TOUPIN,13,Activities for 25 Mar 2024 - 31 Mar 2024,85.134086,6h 51m,301.1424
373,40541312,Émile TOUPIN,14,Activities for 1 Apr 2024 - 7 Apr 2024,94.95106,7h 23m,544.9824
374,40541312,Émile TOUPIN,15,Activities for 8 Apr 2024 - 14 Apr 2024,97.847872,7h 49m,519.9888000000001
375,40541312,Émile TOUPIN,16,Activities for 15 Apr 2024 - 21 Apr 2024,88.83556800000001,6h 47m,370.0272
376,40541312,Émile TOUPIN,17,Activities for 22 Apr 2024 - 28 Apr 2024,111.20539399999998,8h 43m,630.0216
377,40541312,Émile TOUPIN,18,Activities for 29 Apr 2024 - 5 May 2024,37.980424,3h 43m,224.02800000000002
378,40541312,Émile TOUPIN,19,Activities for 6 May 2024 - 12 May 2024,78.535792,6h 7m,167.03040000000001
379,40541312,Émile TOUPIN,20,Activities for 13 May 2024 - 19 May 2024,89.479304,7h 2m,245.0592
380,40541312,Émile TOUPIN,21,Activities for 20 May 2024 - 26 May 2024,90.605842,7h 27m,202.9968
381,40541312,Émile TOUPIN,22,Activities for 27 May 2024 - 2 Jun 2024,56.648768000000004,4h 31m,143.8656
382,40541312,Émile TOUPIN,23,Activities for 3 Jun 2024 - 9 Jun 2024,100.58375,8h 5m,403.86
383,40541312,Émile TOUPIN,24,Activities for 10 Jun 2024 - 16 Jun 2024,99.296278,7h 43m,271.8816
384,40541312,Émile TOUPIN,25,Activities for 17 Jun 2024 - 23 Jun 2024,58.901844000000004,4h 46m,150.876
385,40541312,Émile TOUPIN,26,Activities for 24 Jun 2024 - 30 Jun 2024,42.969378,3h 25m,110.94720000000001
386,40541312,Émile TOUPIN,27,Activities for 1 Jul 2024 - 7 Jul 2024,105.733638,8h 5m,214.88400000000001
387,40541312,Émile TOUPIN,28,Activities for 8 Jul 2024 - 14 Jul 2024,98.330674,8h 10m,242.9256
388,40541312,Émile TOUPIN,29,Activities for 15 Jul 2024 - 21 Jul 2024,65.66107199999999,4h 57m,245.9736
389,40541312,Émile TOUPIN,30,Activities for 22 Jul 2024 - 28 Jul 2024,24.94477,2h 8m,77.1144
390,40541312,Émile TOUPIN,31,Week 31 - No Data,0.0,0h 0m,0.0
391,40541312,Émile TOUPIN,32,Activities for 5 Aug 2024 - 11 Aug 2024,13.67939,1h 15m,43.891200000000005
392,40541312,Émile TOUPIN,33,Activities for 12 Aug 2024 - 18 Aug 2024,36.371084,2h 52m,145.0848
393,40541312,Émile TOUPIN,34,Activities for 19 Aug 2024 - 25 Aug 2024,54.073824,4h 3m,327.0504
394,40541312,Émile TOUPIN,35,Activities for 26 Aug 2024 - 1 Sep 2024,65.500138,4h 57m,427.0248
395,40541312,Émile TOUPIN,36,Activities for 2 Sep 2024 - 8 Sep 2024,72.259366,5h 28m,491.0328
396,40541312,Émile TOUPIN,37,Activities for 9 Sep 2024 - 15 Sep 2024,85.455954,6h 23m,652.8816
397,40541312,Émile TOUPIN,38,Activities for 16 Sep 2024 - 22 Sep 2024,100.422816,7h 28m,847.0392
398,40541312,Émile TOUPIN,39,Activities for 23 Sep 2024 - 29 Sep 2024,101.227486,7h 53m,704.0880000000001
399,40541312,Émile TOUPIN,40,Activities for 30 Sep 2024 - 6 Oct 2024,100.58375,7h 33m,668.1216000000001
400,40541312,Émile TOUPIN,41,Activities for 7 Oct 2024 - 13 Oct 2024,110.56165800000001,8h 16m,804.0624
401,40541312,Émile TOUPIN,42,Activities for 14 Oct 2024 - 20 Oct 2024,90.605842,6h 40m,587.0448
402,40541312,Émile TOUPIN,43,Activities for 21 Oct 2024 - 27 Oct 2024,65.822006,5h 2m,534.924
403,40541312,Émile TOUPIN,44,Activities for 28 Oct 2024 - 3 Nov 2024,102.19309,7h 55m,577.9008
404,40541312,Émile TOUPIN,45,Activities for 4 Nov 2024 - 10 Nov 2024,53.430088000000005,3h 45m,257.86080000000004
405,18196031,Marissa DAMINK,01,Activities for 1 Jan 2024 - 7 Jan 2024,30.738394000000003,2h 49m,174.95520000000002
406,18196031,Marissa DAMINK,02,Week 02 - No Data,0.0,0h 0m,0.0
407,18196031,Marissa DAMINK,03,Activities for 15 Jan 2024 - 21 Jan 2024,7.885766,0h 43m,52.1208
408,18196031,Marissa DAMINK,04,Week 04 - No Data,0.0,0h 0m,0.0
409,18196031,Marissa DAMINK,05,Week 05 - No Data,0.0,0h 0m,0.0
410,18196031,Marissa DAMINK,06,Activities for 5 Feb 2024 - 11 Feb 2024,18.024607999999997,1h 26m,73.152
411,18196031,Marissa DAMINK,07,Activities for 12 Feb 2024 - 18 Feb 2024,9.173238,0h 52m,0.0
412,18196031,Marissa DAMINK,08,Week 08 - No Data,0.0,0h 0m,0.0
413,18196031,Marissa DAMINK,09,Activities for 26 Feb 2024 - 3 Mar 2024,12.391918,0h 53m,47.8536
414,18196031,Marissa DAMINK,10,Activities for 4 Mar 2024 - 10 Mar 2024,8.368568,0h 40m,9.144
415,18196031,Marissa DAMINK,11,Activities for 11 Mar 2024 - 17 Mar 2024,14.966862,1h 15m,49.9872
416,18196031,Marissa DAMINK,12,Activities for 18 Mar 2024 - 24 Mar 2024,32.508668,2h 31m,181.05120000000002
417,18196031,Marissa DAMINK,13,Activities for 25 Mar 2024 - 31 Mar 2024,49.88954,3h 52m,155.1432
418,18196031,Marissa DAMINK,14,Activities for 1 Apr 2024 - 7 Apr 2024,34.439876,3h 46m,29.8704
419,18196031,Marissa DAMINK,15,Activities for 8 Apr 2024 - 14 Apr 2024,17.380872,1h 19m,28.041600000000003
420,18196031,Marissa DAMINK,16,Activities for 15 Apr 2024 - 21 Apr 2024,6.9201619999999995,0h 31m,46.9392
421,18196031,Marissa DAMINK,17,Week 17 - No Data,0.0,0h 0m,0.0
422,18196031,Marissa DAMINK,18,Activities for 29 Apr 2024 - 5 May 2024,1.448406,0h 4m,0.0
423,18196031,Marissa DAMINK,19,Activities for 6 May 2024 - 12 May 2024,12.07005,1h 4m,0.9144000000000001
424,18196031,Marissa DAMINK,20,Activities for 13 May 2024 - 19 May 2024,7.724831999999999,0h 35m,6.096
425,18196031,Marissa DAMINK,21,Activities for 20 May 2024 - 26 May 2024,21.565156,1h 54m,78.9432
426,18196031,Marissa DAMINK,22,Week 22 - No Data,0.0,0h 0m,0.0
427,18196031,Marissa DAMINK,23,Activities for 3 Jun 2024 - 9 Jun 2024,19.151146,1h 37m,14.9352
428,18196031,Marissa DAMINK,24,Activities for 10 Jun 2024 - 16 Jun 2024,29.611855999999996,2h 31m,100.8888
429,18196031,Marissa DAMINK,25,Activities for 17 Jun 2024 - 23 Jun 2024,45.06152,1h 45m,178.91760000000002
430,18196031,Marissa DAMINK,26,Activities for 24 Jun 2024 - 30 Jun 2024,8.0467,0h 38m,4.8768
431,18196031,Marissa DAMINK,27,Week 27 - No Data,0.0,0h 0m,0.0
432,18196031,Marissa DAMINK,28,Week 28 - No Data,0.0,0h 0m,0.0
433,18196031,Marissa DAMINK,29,Week 29 - No Data,0.0,0h 0m,0.0
434,18196031,Marissa DAMINK,30,Week 30 - No Data,0.0,0h 0m,0.0
435,18196031,Marissa DAMINK,31,Week 31 - No Data,0.0,0h 0m,0.0
436,18196031,Marissa DAMINK,32,Activities for 5 Aug 2024 - 11 Aug 2024,18.990212,1h 30m,22.86
437,18196031,Marissa DAMINK,33,Week 33 - No Data,0.0,0h 0m,0.0
438,18196031,Marissa DAMINK,34,Week 34 - No Data,0.0,0h 0m,0.0
439,18196031,Marissa DAMINK,35,Week 35 - No Data,0.0,0h 0m,0.0
440,18196031,Marissa DAMINK,36,Week 36 - No Data,0.0,0h 0m,0.0
441,18196031,Marissa DAMINK,37,Week 37 - No Data,0.0,0h 0m,0.0
442,18196031,Marissa DAMINK,38,Week 38 - No Data,0.0,0h 0m,0.0
443,18196031,Marissa DAMINK,39,Week 39 - No Data,0.0,0h 0m,0.0
444,18196031,Marissa DAMINK,40,Week 40 - No Data,0.0,0h 0m,0.0
445,18196031,Marissa DAMINK,41,Activities for 7 Oct 2024 - 13 Oct 2024,6.43736,0h 22m,24.9936
446,18196031,Marissa DAMINK,42,Week 42 - No Data,0.0,0h 0m,0.0
447,18196031,Marissa DAMINK,43,Week 43 - No Data,0.0,0h 0m,0.0
448,18196031,Marissa DAMINK,44,Week 44 - No Data,0.0,0h 0m,0.0
449,18196031,Marissa DAMINK,45,Week 45 - No Data,0.0,0h 0m,0.0
