Mark,Competitor,Nat_x,Location,Discipline,Date,Results Score,Nat_y,Birthdate,Event,Days Since Performance,Weighted Score
3:26.73,JAKOB INGEBRIGTSEN,NOR,"Stade Louis II, Monaco (MON)",1500m,2024-07-12,1292,NOR,19 Sep 2000,"1500m, 5000m",20,1266.4166859123277
1:41.46,DJAMEL SEDJATI,ALG,"Stade Louis II, Monaco (MON)",800m,2024-07-12,1284,ALG,03 May 1999,800m,20,1258.5750965258737
1:41.58,EMMANUEL WANYONYI,KEN,"Stade Charléty, Paris (FRA)",800m,2024-07-07,1280,KEN,01 Aug 2004,800m,25,1248.3966873962659
1:42.04,MOHAMED ATTAOUI,ESP,"Stade Louis II, Monaco (MON)",800m,2024-07-12,1265,ESP,26 Sep 2001,800m,20,1239.9513217330455
1:42.10,GABRIEL TUAL,FRA,"Stade Louis II, Monaco (MON)",800m,2024-07-12,1264,FRA,09 Apr 1998,800m,20,1238.9711230597386
3:28.71,TIMOTHY CHERUIYOT,KEN,"Stade Louis II, Monaco (MON)",1500m,2024-07-12,1263,KEN,20 Nov 1995,1500m,20,1237.990924386432
3:28.80,BRIAN KOMEN,KEN,"Stade Louis II, Monaco (MON)",1500m,2024-07-12,1262,KEN,10 Aug 1998,1500m,20,1237.010725713125
1:42.27,BEN PATTISON,GBR,"Stade Louis II, Monaco (MON)",800m,2024-07-12,1258,GBR,15 Dec 2001,800m,20,1233.0899310198981
1:42.08,WYCLIFE KINYAMAL,KEN,"Stade Charléty, Paris (FRA)",800m,2024-07-07,1264,KEN,02 Jul 1997,800m,25,1232.7917288038125
3:29.13,YARED NUGUSE,USA,"Stade Louis II, Monaco (MON)",1500m,2024-07-12,1257,USA,01 Jun 1999,1500m,20,1232.1097323465913
12:36.73,HAGOS GEBRHIWET,ETH,"Bislett Stadion, Oslo (NOR)",5000m,2024-05-30,1296,ETH,11 May 1994,5000m,63,1216.8707419011166
8:02.36,ABRHAM SIME,ETH,"Stade Charléty, Paris (FRA)",3000m SC,2024-07-07,1247,ETH,07 Nov 2001,3000m SC,25,1216.2114602993308
8:02.36,AMOS SEREM,KEN,"Stade Charléty, Paris (FRA)",3000m SC,2024-07-07,1247,KEN,28 Aug 2002,3000m SC,25,1216.2114602993308
26:31.13,BERIHU AREGAWI,ETH,"Estadio Enrique Lopez Cuenca, Nerja (ESP)",10000m,2024-06-14,1273,ETH,28 Feb 2001,10000m,48,1213.3393109496635
26:31.01,YOMIF KEJELCHA,ETH,"Estadio Enrique Lopez Cuenca, Nerja (ESP)",10000m,2024-06-14,1273,ETH,01 Aug 1997,10000m,48,1213.3393109496635
1:42.93,MARCO AROP,CAN,"Stade Louis II, Monaco (MON)",800m,2024-07-12,1237,CAN,20 Sep 1998,800m,20,1212.5057588804561
3:30.65,NEIL GOURLEY,GBR,"Stade Louis II, Monaco (MON)",1500m,2024-07-12,1235,GBR,07 Feb 1995,1500m,20,1210.5453615338427
12:38.95,YOMIF KEJELCHA,ETH,"Bislett Stadion, Oslo (NOR)",5000m,2024-05-30,1288,ETH,01 Aug 1997,10000m,63,1209.3591941116035
26:34.93,SELEMON BAREGA,ETH,"Estadio Enrique Lopez Cuenca, Nerja (ESP)",10000m,2024-06-14,1267,ETH,20 Jan 2000,"10000m, 5000m",48,1207.6205082271986
1:43.13,ANDREAS KRAMER,SWE,"Stade Louis II, Monaco (MON)",800m,2024-07-12,1231,SWE,13 Apr 1997,800m,20,1206.6245668406157
3:31.07,OLIVER HOARE,AUS,"Stade Louis II, Monaco (MON)",1500m,2024-07-12,1230,AUS,29 Jan 1997,1500m,20,1205.644368167309
3:31.06,NARVE GILJE NORDÅS,NOR,"Stade Louis II, Monaco (MON)",1500m,2024-07-12,1230,NOR,30 Sep 1998,"1500m, 5000m",20,1205.644368167309
1:43.19,ELIOTT CRESTAN,BEL,"Stade Louis II, Monaco (MON)",800m,2024-07-12,1229,BEL,22 Feb 1999,800m,20,1204.6641694940022
1:42.77,BRYCE HOPPEL,USA,"Hayward Field, Eugene, OR (USA)",800m,2024-06-30,1242,USA,05 Sep 1997,800m,32,1202.8851749423634
26:37.93,BINIAM MEHARY,ETH,"Estadio Enrique Lopez Cuenca, Nerja (ESP)",10000m,2024-06-14,1262,ETH,20 Dec 2006,"10000m, 5000m",48,1202.854839291811
12:40.96,JACOB KIPLIMO,UGA,"Bislett Stadion, Oslo (NOR)",5000m,2024-05-30,1280,UGA,14 Nov 2000,"10000m, 5000m",63,1201.8476463220904
3:49.03,OLIVER HOARE,AUS,"Olympic Stadium, London (GBR)",Mile,2024-07-20,1213,AUS,29 Jan 1997,1500m,12,1198.5309877015218
3:49.06,NARVE GILJE NORDÅS,NOR,"Olympic Stadium, London (GBR)",Mile,2024-07-20,1213,NOR,30 Sep 1998,"1500m, 5000m",12,1198.5309877015218
8:06.70,ABRAHAM KIBIWOT,KEN,"Stade Charléty, Paris (FRA)",3000m SC,2024-07-07,1227,KEN,06 Apr 1996,3000m SC,25,1196.7052620587642
3:49.21,ADEL MECHAAL,ESP,"Olympic Stadium, London (GBR)",Mile,2024-07-20,1211,ESP,05 Dec 1990,"1500m, 5000m",12,1196.554844275798
3:31.79,AZEDDINE HABZ,FRA,"Stade Louis II, Monaco (MON)",1500m,2024-07-12,1219,FRA,19 Jul 1993,1500m,20,1194.8621827609347
3:49.45,NIELS LAROS,NED,"Olympic Stadium, London (GBR)",Mile,2024-07-20,1208,NED,17 Apr 2005,1500m,12,1193.590629137212
3:49.59,STEWART MCSWEYN,AUS,"Olympic Stadium, London (GBR)",Mile,2024-07-20,1206,AUS,01 Jun 1995,"1500m, 5000m",12,1191.6144857114882
3:30.59,COLE HOCKER,USA,"Hayward Field, Eugene, OR (USA)",1500m,2024-06-24,1236,USA,06 Jun 2001,1500m,38,1189.9131949415225
1:42.66,KOITATOI KIDALI,KEN,"Nyayo National Stadium, Nairobi (KEN)",800m,2024-06-15,1246,KEN,12 Feb 2003,800m,47,1188.7928973976025
1:43.75,CATALIN TECUCEANU,ITA,"Stade Louis II, Monaco (MON)",800m,2024-07-12,1212,ITA,09 Sep 1999,800m,20,1188.0007920477874
8:09.41,MOHAMED AMIN JHINAOUI,TUN,"Stade Charléty, Paris (FRA)",3000m SC,2024-07-07,1215,TUN,02 Apr 1997,3000m SC,25,1185.001543114424
3:50.16,CAMERON MYERS,AUS,"Olympic Stadium, London (GBR)",Mile,2024-07-20,1199,AUS,09 Jun 2006,1500m,12,1184.6979837214546
8:09.64,GEORDIE BEAMISH,NZL,"Stade Charléty, Paris (FRA)",3000m SC,2024-07-07,1214,NZL,24 Oct 1996,3000m SC,25,1184.0262332023958
1:43.95,BENJAMIN ROBERT,FRA,"Stade Louis II, Monaco (MON)",800m,2024-07-12,1206,FRA,04 Jan 1998,800m,20,1182.119600007947
8:09.91,AVINASH MUKUND SABLE,IND,"Stade Charléty, Paris (FRA)",3000m SC,2024-07-07,1212,IND,13 Sep 1994,3000m SC,25,1182.075613378339
1:44.22,JOSH HOEY,USA,"Percy Beard Track, Gainesville, FL (USA)",800m,2024-07-19,1197,USA,01 Nov 1999,800m,13,1181.5397096192842
1:43.79,AZEDDINE HABZ,FRA,"Stade Charléty, Paris (FRA)",800m,2024-07-07,1211,FRA,19 Jul 1993,1500m,25,1181.1003034663108
3:50.49,ANDREW COSCORAN,IRL,"Olympic Stadium, London (GBR)",Mile,2024-07-20,1194,IRL,18 Jun 1996,1500m,12,1179.757625157145
8:10.52,RYUJI MIURA,JPN,"Stade Charléty, Paris (FRA)",3000m SC,2024-07-07,1209,JPN,11 Feb 2002,3000m SC,25,1179.149683642254
3:45.34,JOSH KERR,GBR,"Hayward Field, Eugene, OR (USA)",Mile,2024-05-25,1262,GBR,08 Oct 1997,1500m,68,1179.0367176544435
3:31.53,HOBBS KESSLER,USA,"Hayward Field, Eugene, OR (USA)",1500m,2024-06-24,1223,USA,15 Mar 2003,"1500m, 800m",38,1177.397926709937
8:01.63,LAMECHA GIRMA,ETH,"Olympiastadion, Stockholm (SWE)",3000m SC,2024-06-02,1250,ETH,26 Nov 2000,3000m SC,60,1177.205666980311
1:43.64,HOBBS KESSLER,USA,"Hayward Field, Eugene, OR (USA)",800m,2024-06-30,1215,USA,15 Mar 2003,"1500m, 800m",32,1176.735497226225
3:45.60,JAKOB INGEBRIGTSEN,NOR,"Hayward Field, Eugene, OR (USA)",Mile,2024-05-25,1259,NOR,19 Sep 2000,"1500m, 5000m",68,1176.2339362337118
13:00.74,EGIDE NTAKARUTIMANA,BDI,"Parc des Sports, Maisons-Laffitte (FRA)",5000m,2024-07-06,1207,BDI,21 Oct 1997,5000m,26,1176.0224531577605
26:55.51,MERHAWI MEBRAHTU,ERI,"Estadio Enrique Lopez Cuenca, Nerja (ESP)",10000m,2024-06-14,1233,ERI,21 Sep 2003,10000m,48,1175.2139594665634
3:50.92,FILIP RAK,POL,"Olympic Stadium, London (GBR)",Mile,2024-07-20,1189,POL,03 Feb 2003,1500m,12,1174.8172665928355
3:33.29,MAËL GOUYETTE,FRA,"Stade Louis II, Monaco (MON)",1500m,2024-07-12,1198,FRA,21 May 1999,1500m,20,1174.2780106214927
3:51.00,JOCHEM VERMEULEN,BEL,"Olympic Stadium, London (GBR)",Mile,2024-07-20,1188,BEL,02 Aug 1998,1500m,12,1173.8291948799736
1:44.22,EDMUND DU PLESSIS,RSA,"Morton Stadium, Dublin (IRL)",800m,2024-07-12,1197,RSA,05 Apr 2002,800m,20,1173.297811948186
12:49.65,ADDISU YIHUNE,ETH,"Bislett Stadion, Oslo (NOR)",5000m,2024-05-30,1248,ETH,17 Mar 2003,5000m,63,1171.8014551640383
13:02.25,NICHOLAS KIPKORIR,KEN,"FBK Stadium, Hengelo (NED)",5000m,2024-07-07,1201,KEN,29 Sep 1998,10000m,25,1171.3472043460274
3:33.92,ANASS ESSAYI,MAR,"Stadion Allmend, Luzern (SUI)",1500m,2024-07-16,1190,MAR,18 May 2001,1500m,16,1171.1115108657893
8:12.97,LEONARD KIPKEMOI BETT,KEN,"Stade Charléty, Paris (FRA)",3000m SC,2024-07-07,1198,KEN,03 Nov 2000,3000m SC,25,1168.4212746099424
8:13.11,JEAN-SIMON DESGAGNÉS,CAN,"Stade Charléty, Paris (FRA)",3000m SC,2024-07-07,1198,CAN,26 Jul 1998,3000m SC,25,1168.4212746099424
12:50.58,LUIS GRIJALVA,GUA,"Bislett Stadion, Oslo (NOR)",5000m,2024-05-30,1244,GUA,10 Apr 1999,5000m,63,1168.0456812692817
3:46.22,YARED NUGUSE,USA,"Hayward Field, Eugene, OR (USA)",Mile,2024-05-25,1250,USA,01 Jun 1999,1500m,68,1167.8255919715168
12:50.94,ANDREAS ALMGREN,SWE,"Bislett Stadion, Oslo (NOR)",5000m,2024-05-30,1243,SWE,12 Jun 1995,5000m,63,1167.1067377955926
1:43.97,BRANDON MILLER,USA,"Hayward Field, Eugene, OR (USA)",800m,2024-06-30,1205,USA,30 Jan 2002,800m,32,1167.050431405433
12:59.19,OSCAR CHELIMO,UGA,"LAZ Wien, Wien (AUT)",5000m,2024-06-22,1213,UGA,12 Dec 2001,5000m,40,1165.437589691768
8:14.10,MOHAMED TINDOUFT,MAR,"Stade Charléty, Paris (FRA)",3000m SC,2024-07-07,1193,MAR,12 Mar 1993,3000m SC,25,1163.5447250498007
12:51.94,JOSHUA CHEPTEGEI,UGA,"Bislett Stadion, Oslo (NOR)",5000m,2024-05-30,1239,UGA,12 Sep 1996,"10000m, 5000m",63,1163.3509639008362
3:34.42,ISAAC NADER,POR,"Stade Louis II, Monaco (MON)",1500m,2024-07-12,1183,POR,17 Aug 1999,1500m,20,1159.5750305218914
26:50.94,NICHOLAS KIPKORIR,KEN,"Hayward Field, Eugene, OR (USA)",10000m,2024-05-25,1241,KEN,29 Sep 1998,10000m,68,1159.417247709322
26:50.81,DANIEL MATEIKO,KEN,"Hayward Field, Eugene, OR (USA)",10000m,2024-05-25,1241,KEN,04 Aug 1998,10000m,68,1159.417247709322
8:05.78,SAMUEL FIREWU,ETH,"Olympiastadion, Stockholm (SWE)",3000m SC,2024-06-02,1231,ETH,03 May 2004,3000m SC,60,1159.3121408422103
26:51.09,BENARD KIBET,KEN,"Hayward Field, Eugene, OR (USA)",10000m,2024-05-25,1240,KEN,25 Nov 1999,10000m,68,1158.4829872357448
26:51.54,EDWIN KURGAT,KEN,"Hayward Field, Eugene, OR (USA)",10000m,2024-05-25,1240,KEN,19 May 1996,5000m,68,1158.4829872357448
3:52.30,ELLIOT GILES,GBR,"Olympic Stadium, London (GBR)",Mile,2024-07-20,1171,GBR,26 May 1994,"1500m, 800m",12,1157.0319757613206
8:13.87,JAMES CORRIGAN,USA,"Franklin Field, Philadelphia, PA (USA)",3000m SC,2024-06-29,1194,USA,16 Apr 2002,3000m SC,33,1155.2410401493041
3:31.06,ELLIOT GILES,GBR,"Bislett Stadion, Oslo (NOR)",1500m,2024-05-30,1230,GBR,26 May 1994,"1500m, 800m",63,1154.9004726376338
3:32.37,ABDISA FAYISA,ETH,"Estadio Enrique Lopez Cuenca, Nerja (ESP)",1500m,2024-06-14,1211,ETH,24 Apr 2005,1500m,48,1154.2450161508582
27:09.74,ARON KIFLE,ERI,"Estadio Enrique Lopez Cuenca, Nerja (ESP)",10000m,2024-06-14,1211,ERI,20 Feb 1998,5000m,48,1154.2450161508582
12:54.97,JIMMY GRESSIER,FRA,"Bislett Stadion, Oslo (NOR)",5000m,2024-05-30,1228,FRA,04 May 1997,"10000m, 5000m",63,1153.0225856902557
1:44.12,PEYTON CRAIG,AUS,"LAZ Wien, Wien (AUT)",800m,2024-06-22,1200,AUS,28 Mar 2005,800m,40,1152.947326982788
26:55.09,BENSON KIPLANGAT,KEN,"Hayward Field, Eugene, OR (USA)",10000m,2024-05-25,1234,KEN,17 Jun 2003,10000m,68,1152.8774243942814
3:35.31,MARIO GARCÍA,ESP,"Stadion Allmend, Luzern (SUI)",1500m,2024-07-16,1170,ESP,29 Jun 1999,1500m,16,1151.4289644646835
3:30.92,JOSH KERR,GBR,"Hayward Field, Eugene, OR (USA)",1500m,2024-05-25,1232,GBR,08 Oct 1997,1500m,68,1151.008903447127
3:52.06,CATHAL DOYLE,IRL,"Morton Stadium, Dublin (IRL)",Mile,2024-07-12,1174,IRL,12 Nov 1997,1500m,20,1150.7532424621306
13:02.38,ABDI WAISS,DJI,"Stade de Stehelin, Bordeaux (FRA)",5000m,2024-06-19,1201,DJI,03 Jul 1996,5000m,43,1150.4515794705037
12:55.78,SAMUEL TEFERA,ETH,"Bislett Stadion, Oslo (NOR)",5000m,2024-05-30,1225,ETH,23 Oct 1999,1500m,63,1150.205755269188
12:51.60,SELEMON BAREGA,ETH,"Drake Stadium, Los Angeles, CA (USA)",5000m,2024-05-17,1241,ETH,20 Jan 2000,"10000m, 5000m",76,1150.1789123401934
3:36.11,SEAN MCGORTY,USA,"Tooting Bec Athletics Track, London (GBR)",1500m,2024-07-24,1159,USA,08 Mar 1995,5000m,8,1149.7649892961533
27:12.89,HAGOS GEBRHIWET,ETH,"Estadio Enrique Lopez Cuenca, Nerja (ESP)",10000m,2024-06-14,1206,ETH,11 May 1994,5000m,48,1149.4793472154706
3:47.74,NEIL GOURLEY,GBR,"Hayward Field, Eugene, OR (USA)",Mile,2024-05-25,1230,GBR,07 Feb 1995,1500m,68,1149.1403824999727
3:35.19,PIETRO ARESE,ITA,"Stade Louis II, Monaco (MON)",1500m,2024-07-12,1172,ITA,08 Oct 1999,1500m,20,1148.7928451155171
3:32.81,SAMUEL TEFERA,ETH,"Estadio Enrique Lopez Cuenca, Nerja (ESP)",1500m,2024-06-14,1205,ETH,23 Oct 1999,1500m,48,1148.5262134283932
1:44.57,JOSE MAITA,VEN,"Estadio Brigido Iriarte, Caracas (VEN)",800m,2024-06-29,1187,VEN,17 Apr 1998,800m,33,1148.4682702321809
12:52.09,BERIHU AREGAWI,ETH,"Drake Stadium, Los Angeles, CA (USA)",5000m,2024-05-17,1239,ETH,28 Feb 2001,10000m,76,1148.3252799270747
3:36.52,SAMUEL TANNER,NZL,"AtletiekArena Gaston Roelants Kessel-Lo / Hal 5, Leuven (BEL)",1500m,2024-07-27,1154,NZL,24 Aug 2000,1500m,5,1148.2444009883554
3:47.83,JAKE WIGHTMAN,GBR,"Hayward Field, Eugene, OR (USA)",Mile,2024-05-25,1229,GBR,11 Jul 1994,800m,68,1148.2061220263954
12:56.67,ADRIAAN WILDSCHUTT,RSA,"Bislett Stadion, Oslo (NOR)",5000m,2024-05-30,1222,RSA,03 May 1998,10000m,63,1147.3889248481207
3:52.41,BRIAN FAY,IRL,"Morton Stadium, Dublin (IRL)",Mile,2024-07-12,1170,IRL,09 Nov 1998,5000m,20,1146.8324477689036
1:45.17,TIBO DE SMET,BEL,"Sportcentrum Wembley, Kortrijk (BEL)",800m,2024-07-13,1168,BEL,28 May 1999,800m,19,1146.0174950995975
1:44.96,TSHEPISO MASALELA,BOT,"Stade Charléty, Paris (FRA)",800m,2024-07-07,1175,BOT,25 May 1999,800m,25,1145.9891466332908
13:09.76,CORNELIUS KEMBOI,KEN,"FBK Stadium, Hengelo (NED)",5000m,2024-07-07,1174,KEN,29 Feb 2000,5000m,25,1145.0138367212626
13:05.00,ARON KIFLE,ERI,"LAZ Wien, Wien (AUT)",5000m,2024-06-22,1191,ERI,20 Feb 1998,5000m,40,1144.300222030417
8:18.83,LOUIS GILAVERT,FRA,"Stade Charléty, Paris (FRA)",3000m SC,2024-07-07,1172,FRA,01 Jan 1998,3000m SC,25,1143.0632168972058
8:16.98,FREDERIK RUPPERT,GER,"Eintracht-Stadion, Braunschweig (GER)",3000m SC,2024-06-29,1180,GER,19 Feb 1997,3000m SC,33,1141.6955003150579
3:35.90,MOHAMED AMIN JHINAOUI,TUN,"Stadio G. Teghil, Lignano Sabbiadoro (ITA)",1500m,2024-07-14,1162,TUN,02 Apr 1997,3000m SC,18,1141.2711196003454
12:54.10,BINIAM MEHARY,ETH,"Drake Stadium, Los Angeles, CA (USA)",5000m,2024-05-17,1231,ETH,20 Dec 2006,"10000m, 5000m",76,1140.9107502745994
1:44.60,MOHAMED ALI GOUANED,ALG,"Golęcin Stadion, Poznan (POL)",800m,2024-06-23,1186,ALG,05 Jul 2002,800m,39,1140.636341047591
1:45.91,PETER BOL,AUS,"AtletiekArena Gaston Roelants Kessel-Lo / Hal 5, Leuven (BEL)",800m,2024-07-27,1146,AUS,22 Feb 1994,800m,5,1140.2843011548139
1:44.53,MARK ENGLISH,IRL,"Estadio Vallehermoso, Madrid (ESP)",800m,2024-06-21,1188,IRL,18 Mar 1993,800m,41,1140.2770063779851
13:09.01,ABDIHAMID NUR,USA,"Hayward Field, Eugene, OR (USA)",5000m,2024-06-30,1177,USA,14 Oct 1997,5000m,32,1139.9322471072155
13:08.85,GRANT FISHER,USA,"Hayward Field, Eugene, OR (USA)",5000m,2024-06-30,1177,USA,22 Apr 1997,"10000m, 5000m",32,1139.9322471072155
2:04:01,ALEXANDER MUNYAO,KEN,London (GBR),Marathon,2024-04-21,1262,KEN,10 Sep 1996,Marathon,102,1139.6232942061224
3:33.30,JOCHEM VERMEULEN,BEL,"Stadio Olimpico, Roma (ITA)",1500m,2024-06-12,1198,BEL,02 Aug 1998,1500m,50,1139.5728505518555
12:54.66,SAM ATKIN,GBR,"Drake Stadium, Los Angeles, CA (USA)",5000m,2024-05-17,1229,GBR,14 Mar 1993,5000m,76,1139.0571178614807
3:33.40,RUBEN VERHEYDEN,BEL,"Stadio Olimpico, Roma (ITA)",1500m,2024-06-12,1197,BEL,22 Dec 2000,1500m,50,1138.6216211273547
8:10.73,GETNET WALE,ETH,"Olympiastadion, Stockholm (SWE)",3000m SC,2024-06-02,1209,ETH,16 Jul 2000,3000m SC,60,1138.5933211033566
1:45.97,SAMUEL PIHLSTRÖM,SWE,"AtletiekArena Gaston Roelants Kessel-Lo / Hal 5, Leuven (BEL)",800m,2024-07-27,1144,SWE,08 Mar 2001,1500m,5,1138.2942761964287
1:45.35,MAX BURGIN,GBR,"Woodside Stadium, Watford (GBR)",800m,2024-07-10,1163,GBR,20 May 2002,800m,22,1137.6933933645573
2:04:15,KENENISA BEKELE,ETH,London (GBR),Marathon,2024-04-21,1258,ETH,13 Jun 1982,Marathon,102,1136.011175999447
3:33.60,RAPHAEL PALLITSCH,AUT,"Stadio Olimpico, Roma (ITA)",1500m,2024-06-12,1194,AUT,18 Dec 1989,1500m,50,1135.7679328538525
13:07.77,DAWIT SEARE,ERI,"LAZ Wien, Wien (AUT)",5000m,2024-06-22,1181,ERI,29 Dec 2004,5000m,40,1134.6923276388936
12:56.07,STEWART MCSWEYN,AUS,"Drake Stadium, Los Angeles, CA (USA)",5000m,2024-05-17,1224,AUS,01 Jun 1995,"1500m, 5000m",76,1134.423036828684
3:48.95,COLE HOCKER,USA,"Hayward Field, Eugene, OR (USA)",Mile,2024-05-25,1214,USA,06 Jun 2001,1500m,68,1134.1922149227373
3:49.09,GEORDIE BEAMISH,NZL,"Hayward Field, Eugene, OR (USA)",Mile,2024-05-25,1213,NZL,24 Oct 1996,3000m SC,68,1133.25795444916
8:18.82,RUBEN QUERINJEAN,LUX,"Stade de Luxembourg, Luxembourg (LUX)",3000m SC,2024-06-28,1172,LUX,22 Dec 2001,3000m SC,34,1132.8218034351578
8:14.41,KARL BEBENDORF,GER,"Stadio Olimpico, Roma (ITA)",3000m SC,2024-06-10,1192,GER,07 May 1996,3000m SC,52,1131.6000092767242
3:37.73,AHMED JAZIRI,TUN,"AtletiekArena Gaston Roelants Kessel-Lo / Hal 5, Leuven (BEL)",1500m,2024-07-27,1137,TUN,16 Dec 1997,3000m SC,5,1131.3291888420797
12:56.43,MOHAMED ISMAIL,DJI,"Olympiastadion, Stockholm (SWE)",5000m,2024-05-15,1223,DJI,01 Jan 1997,5000m,78,1131.2314936627486
3:35.49,ADEL MECHAAL,ESP,"Estadi Olímpic Camilo Cano, La Nucia (ESP)",1500m,2024-06-30,1168,ESP,05 Dec 1990,"1500m, 5000m",32,1131.2156878685028
12:56.53,ISAAC KIMELI,BEL,"Olympiastadion, Stockholm (SWE)",5000m,2024-05-15,1222,BEL,09 Mar 1994,"10000m, 5000m",78,1130.306529236205
13:10.99,MOHAMMED AHMED,CAN,"Complexe Sportif Claude-Robillard, Montréal (CAN)",5000m,2024-06-27,1170,CAN,05 Jan 1991,"10000m, 5000m",35,1129.7583370213529
1:45.23,CORENTIN LE CLEZIO,FRA,"Stade Josette et Roger Mikulak, Angers (FRA)",800m,2024-06-30,1166,FRA,24 Sep 1999,800m,32,1129.2786747043444
13:14.01,YVES NIMUBONA,RWA,"Parc des Sports, Maisons-Laffitte (FRA)",5000m,2024-07-06,1159,RWA,15 Aug 1998,10000m,26,1129.2543688565406
1:00:17,TEBELLO RAMAKONGOANA,LES,"Two Harbors to Duluth,, Duluth, MN (USA)",Half Marathon,2024-06-22,1175,LES,13 Oct 1996,Marathon,40,1128.9275910039798
8:09.40,SOUFIANE EL BAKKALI,MAR,"Le Grand Stade, Marrakech (MAR)",3000m SC,2024-05-19,1215,MAR,07 Jan 1996,3000m SC,74,1128.336108017164
1:45.02,ALEX NGENO KIPNGETICH,KEN,"Stade Omnisport de JAPOMA, Douala (CMR)",800m,2024-06-23,1173,KEN,17 Aug 2000,800m,39,1128.1335818286882
13:12.61,GRAHAM BLANKS,USA,"Hayward Field, Eugene, OR (USA)",5000m,2024-06-30,1164,USA,24 Apr 2002,5000m,32,1127.341661540186
3:35.80,STEFAN NILLESSEN,NED,"FBK Stadium, Hengelo (NED)",1500m,2024-06-30,1164,NED,02 Jan 2003,1500m,32,1127.341661540186
3:34.73,ERMIAS GIRMA,ETH,"Paavo Nurmen Stadion, Turku (FIN)",1500m,2024-06-18,1178,ETH,20 Jan 2005,1500m,44,1127.291761903249
13:10.06,SANTIAGO CATROFE,URU,"LAZ Wien, Wien (AUT)",5000m,2024-06-22,1173,URU,13 Feb 1999,5000m,40,1127.0060121256752
3:34.01,JAKE WIGHTMAN,GBR,"Icahn Stadium, New York, NY (USA)",1500m,2024-06-09,1188,GBR,11 Jul 1994,800m,53,1126.6754548289703
8:21.00,YASSIN BOUIH,ITA,"Campo Montagna, La Spezia (ITA)",3000m SC,2024-06-30,1162,ITA,24 Nov 1996,3000m SC,32,1125.4046483760276
3:36.31,CAMERON MYERS,AUS,"Stade Jean Adret, Sotteville-lès-Rouen (FRA)",1500m,2024-07-04,1157,AUS,09 Jun 2006,1500m,28,1125.0533403890427
1:45.36,HANDAL ROBAN,VIN,"Franklin Field, Philadelphia, PA (USA)",800m,2024-06-29,1162,VIN,05 Sep 2002,800m,33,1124.2798062424552
1:44.04,JAMES PRESTON,NZL,"TSV Stadion, Pfungstadt (GER)",800m,2024-05-25,1203,NZL,08 May 1997,800m,68,1123.915349713388
13:15.58,CÉLESTIN NDIKUMANA,BDI,"Parc des Sports, Maisons-Laffitte (FRA)",5000m,2024-07-06,1153,BDI,22 Feb 2002,10000m,26,1123.408358318888
3:35.35,KIERAN LUMB,CAN,"Estadio Vallehermoso, Madrid (ESP)",1500m,2024-06-21,1170,CAN,02 Aug 1998,1500m,41,1123.0000820389248
3:34.83,LOUIS GILAVERT,FRA,"Parc des Sports C. Ehrmann, Nice (FRA)",1500m,2024-06-15,1177,FRA,01 Jan 1998,3000m SC,47,1122.9608669638667
1:45.47,YANIS MEZIANE,FRA,"Stade Josette et Roger Mikulak, Angers (FRA)",800m,2024-06-30,1159,FRA,26 Jan 2002,800m,32,1122.49912862979
1:46.52,JAKUB DUDYCHA,CZE,"AtletiekArena Gaston Roelants Kessel-Lo / Hal 5, Leuven (BEL)",800m,2024-07-27,1128,CZE,05 Sep 2005,800m,5,1122.3740765293458
3:37.92,MOHAMMED AHMED,CAN,"Jack Kemp Stadium, Los Angeles, CA (USA)",1500m,2024-07-20,1135,CAN,05 Jan 1991,"10000m, 5000m",12,1121.461394098291
8:22.03,OSAMA ZOGHLAMI,ITA,"Campo Montagna, La Spezia (ITA)",3000m SC,2024-06-30,1157,ITA,19 Jun 1994,3000m SC,32,1120.5621154656317
1:45.55,ADRIÁN BEN,ESP,"Estadi Olímpic Camilo Cano, La Nucia (ESP)",800m,2024-06-30,1157,ESP,04 Aug 1998,800m,32,1120.5621154656317
1:45.53,ELVIN JOSUÉ CANALES,ESP,"Estadi Olímpic Camilo Cano, La Nucia (ESP)",800m,2024-06-30,1157,ESP,05 Sep 2001,800m,32,1120.5621154656317
3:34.76,ANDREW COSCORAN,IRL,"Stadio Olimpico, Roma (ITA)",1500m,2024-06-12,1178,IRL,18 Jun 1996,1500m,50,1120.5482620618411
13:14.36,JAKOB INGEBRIGTSEN,NOR,"Sandnes Stadion, Sandnes (NOR)",5000m,2024-06-29,1158,NOR,19 Sep 2000,"1500m, 5000m",33,1120.4096520040991
3:50.14,MARIO GARCÍA,ESP,"Hayward Field, Eugene, OR (USA)",Mile,2024-05-25,1199,ESP,29 Jun 1999,1500m,68,1120.178307819079
2:04:45,ABDI NAGEEYE,NED,Rotterdam (NED),Marathon,2024-04-14,1249,NED,02 Mar 1989,Marathon,109,1120.0162914552961
13:00.48,MORGAN MCDONALD,AUS,"Drake Stadium, Los Angeles, CA (USA)",5000m,2024-05-17,1208,AUS,23 Apr 1996,5000m,76,1119.5939775237337
3:35.71,LUKE MCCANN,IRL,"Centre sportif Bout-du-Monde, Genève (SUI)",1500m,2024-06-22,1165,IRL,12 Mar 1998,1500m,40,1119.3196966124565
3:33.85,RYAN MPHAHLELE,RSA,"Bislett Stadion, Oslo (NOR)",1500m,2024-05-30,1191,RSA,20 Jun 1998,1500m,63,1118.2816771637576
3:55.49,ADAM SPENCER,AUS,"Olympic Stadium, London (GBR)",Mile,2024-07-20,1131,AUS,04 Oct 2001,1500m,12,1117.5091072468433
13:14.99,NARVE GILJE NORDÅS,NOR,"Sandnes Stadion, Sandnes (NOR)",5000m,2024-06-29,1155,NOR,30 Sep 1998,"1500m, 5000m",33,1117.507036325332
8:21.30,LEONARD CHEMUTAI,UGA,"Stade Omnisport de JAPOMA, Douala (CMR)",3000m SC,2024-06-23,1161,UGA,05 May 2003,3000m SC,39,1116.5925733189317
1:46.72,RYAN CLARKE,NED,"AtletiekArena Gaston Roelants Kessel-Lo / Hal 5, Leuven (BEL)",800m,2024-07-27,1122,NED,17 Nov 1997,800m,5,1116.4040016541896
8:20.06,MATTHEW CLARKE,AUS,"Polideportivo Zorrotza, Bilbao (ESP)",3000m SC,2024-06-18,1166,AUS,29 Apr 1995,3000m SC,44,1115.8083144135724
8:23.24,FAID EL MOSTAFA,MAR,Sale (MAR),3000m SC,2024-06-30,1152,MAR,13 Jan 2000,3000m SC,32,1115.7195825552355
13:04.27,YANN SCHRUB,FRA,"Boudewijnstadion, Bruxelles (BEL)",5000m,2024-05-25,1194,FRA,20 Mar 1996,"10000m, 5000m",68,1115.507005451193
3:37.63,CATHAL DOYLE,IRL,"Morton Stadium, Dublin (IRL)",1500m,2024-07-12,1138,IRL,12 Nov 1997,1500m,20,1115.4660902230876
3:34.90,GRANT FISHER,USA,"Icahn Stadium, New York, NY (USA)",1500m,2024-06-09,1176,USA,22 Apr 1997,"10000m, 5000m",53,1115.2948946791828
1:46.24,EDOSE IBADIN,NGR,"Sportcentrum Wembley, Kortrijk (BEL)",800m,2024-07-13,1136,NGR,27 Feb 1993,800m,19,1114.6197555078277
3:37.73,BRIAN FAY,IRL,"Morton Stadium, Dublin (IRL)",1500m,2024-07-12,1137,IRL,09 Nov 1998,5000m,20,1114.4858915497807
1:46.78,NAVASKY ANDERSON,JAM,"AtletiekArena Gaston Roelants Kessel-Lo / Hal 5, Leuven (BEL)",800m,2024-07-27,1120,JAM,21 Jan 2000,800m,5,1114.4139766958042
3:35.44,STEWART MCSWEYN,AUS,"Stadion De Veen, Heusden-Zolder (BEL)",1500m,2024-06-15,1168,AUS,01 Jun 1995,"1500m, 5000m",47,1114.3740803855535
8:21.92,KENNETH ROOKS,USA,"Hayward Field, Eugene, OR (USA)",3000m SC,2024-06-23,1158,USA,21 Oct 1999,3000m SC,39,1113.7073211914926
1:45.94,ABDELATI EL GUESSE,MAR,"Stade Jean Adret, Sotteville-lès-Rouen (FRA)",800m,2024-07-04,1145,MAR,27 Feb 1993,800m,28,1113.3846799874277
1:45.54,KETHOBOGILE HAINGURA,BOT,"Stade Omnisport de JAPOMA, Douala (CMR)",800m,2024-06-23,1157,BOT,14 Dec 1998,800m,39,1112.7455704823462
3:34.51,SAMUEL PIHLSTRÖM,SWE,"Olympiastadion, Stockholm (SWE)",1500m,2024-06-02,1181,SWE,08 Mar 2001,1500m,60,1112.2239141629977
1:45.84,SIMONE BARONTINI,ITA,"Campo Montagna, La Spezia (ITA)",800m,2024-06-30,1148,ITA,05 Jan 1999,800m,32,1111.845556226919
8:23.84,DANIEL ARCE,ESP,"Estadi Olímpic Camilo Cano, La Nucia (ESP)",3000m SC,2024-06-29,1149,ESP,22 Apr 1992,3000m SC,33,1111.7018049677977
1:46.30,JESUS TONATIU LOPEZ,MEX,"Billy J. Murphy Track and Field Complex, Memphis, TN (USA)",800m,2024-07-12,1134,MEX,02 Aug 1997,800m,20,1111.5452955298604
2:02:16,BENSON KIPRUTO,KEN,Tokyo (JPN),Marathon,2024-03-03,1292,KEN,17 Mar 1991,Marathon,151,1110.9232266676936
8:24.37,NICOLAS-MARIE DARU,FRA,"Stade Josette et Roger Mikulak, Angers (FRA)",3000m SC,2024-06-29,1147,FRA,21 Oct 1988,3000m SC,33,1109.7667278486197
1:45.66,MACIEJ WYDERKA,POL,"Golęcin Stadion, Poznan (POL)",800m,2024-06-23,1153,POL,29 Jul 2002,1500m,39,1108.8985676457607
8:23.00,MATTHEW WILKINSON,USA,"Hayward Field, Eugene, OR (USA)",3000m SC,2024-06-23,1153,USA,27 Dec 1998,3000m SC,39,1108.8985676457607
8:20.99,SIMON KIPROP KOECH,KEN,"Nyayo National Stadium, Nairobi (KEN)",3000m SC,2024-06-15,1162,KEN,10 Jun 2003,3000m SC,47,1108.6495560000112
3:38.16,ADAM SPENCER,AUS,"Morton Stadium, Dublin (IRL)",1500m,2024-07-12,1131,AUS,04 Oct 2001,1500m,20,1108.6046995099402
8:24.21,RYOMA AOKI,JPN,"Denka Big Swan Stadium, Niigata (JPN)",3000m SC,2024-06-27,1148,JPN,16 Jun 1997,3000m SC,35,1108.5150178636864
13:18.27,SEAN MCGORTY,USA,"Hayward Field, Eugene, OR (USA)",5000m,2024-06-30,1144,USA,08 Mar 1995,5000m,32,1107.971529898602
8:24.91,ALEXIS MIELLET,FRA,"Stade Josette et Roger Mikulak, Angers (FRA)",3000m SC,2024-06-29,1145,FRA,05 May 1995,3000m SC,33,1107.8316507294417
3:34.95,CHARLES PHILIBERT-THIBOUTOT,CAN,"Olympiastadion, Stockholm (SWE)",1500m,2024-06-02,1175,CAN,31 Dec 1990,1500m,60,1106.5733269614923
1:46.94,OSSAMA MESLEK,ITA,"Market Street Bury, Manchester (GBR)",800m,2024-07-24,1115,ITA,08 Jan 1997,1500m,8,1106.1155850433227
8:25.27,DJILALI BEDRANI,FRA,"Stade Josette et Roger Mikulak, Angers (FRA)",3000m SC,2024-06-29,1143,FRA,01 Oct 1993,3000m SC,33,1105.8965736102637
27:22.38,MOHAMED ISMAIL,DJI,"Parliament Hill Fields Athletics Track, London (GBR)",10000m,2024-05-18,1191,DJI,01 Jan 1997,5000m,75,1104.9424922173064
1:46.04,JOSH KERR,GBR,"Manchester Regional Arena, Manchester (GBR)",800m,2024-06-29,1142,GBR,08 Oct 1997,1500m,33,1104.9290350506747
3:34.47,GEORDIE BEAMISH,NZL,"Hayward Field, Eugene, OR (USA)",1500m,2024-05-25,1182,NZL,24 Oct 1996,3000m SC,68,1104.2958797682663
12:58.78,BENSON KIPLANGAT,KEN,"Suzhou Olympic Sports Centre, Suzhou (CHN)",5000m,2024-04-27,1214,KEN,17 Jun 2003,10000m,96,1102.8753155074094
13:18.82,THOMAS FAFARD,CAN,"Complexe Sportif Claude-Robillard, Montréal (CAN)",5000m,2024-06-27,1142,CAN,06 Dec 1998,5000m,35,1102.7213853661408
27:49.47,GRANT FISHER,USA,"Hayward Field, Eugene, OR (USA)",10000m,2024-06-21,1148,USA,22 Apr 1997,"10000m, 5000m",41,1101.8838411800732
3:36.87,FEDERICO RIVA,ITA,"Zdzisław Krzyszkowiak Stadium, Bydgoszcz (POL)",1500m,2024-06-20,1149,ITA,09 Nov 2000,1500m,42,1101.7413778777848
2:02:55,TIMOTHY KIPLAGAT,KEN,Tokyo (JPN),Marathon,2024-03-03,1281,KEN,18 Sep 1993,Marathon,151,1101.4649019824424
1:47.13,ADAM SPENCER,AUS,"Tooting Bec Athletics Track, London (GBR)",800m,2024-07-24,1109,AUS,04 Oct 2001,1500m,8,1100.1633935543002
1:44.75,SLIMANE MOULA,ALG,"Stade Delort, Marseille (FRA)",800m,2024-05-22,1181,ALG,25 Feb 1999,800m,71,1100.0564946026864
27:50.74,WILLIAM KINCAID,USA,"Hayward Field, Eugene, OR (USA)",10000m,2024-06-21,1146,USA,21 Sep 1992,10000m,41,1099.9641829201776
3:39.55,KENNETH ROOKS,USA,"Jack Kemp Stadium, Los Angeles, CA (USA)",1500m,2024-07-20,1113,USA,21 Oct 1999,3000m SC,12,1099.7238164153287
3:51.82,ABEL KIPSANG,KEN,"Hayward Field, Eugene, OR (USA)",Mile,2024-05-25,1177,KEN,22 Nov 1996,1500m,68,1099.6245774003803
2:06:05,AMANAL PETROS,GER,Hannover (GER),Marathon,2024-04-14,1226,GER,17 May 1995,Marathon,109,1099.3914918528367
1:46.01,TOM DRADRIGA,UGA,"Stade Omnisport de JAPOMA, Douala (CMR)",800m,2024-06-23,1143,UGA,17 Jun 1996,800m,39,1099.2810605542973
3:37.91,ROBERT FARKEN,GER,"Eintracht-Stadion, Braunschweig (GER)",1500m,2024-06-30,1135,GER,20 Sep 1997,1500m,32,1099.2549706598893
8:26.79,VELTEN SCHNEIDER,GER,"Eintracht-Stadion, Braunschweig (GER)",3000m SC,2024-06-29,1136,GER,21 Aug 1999,3000m SC,33,1099.1238036931404
8:24.16,NAHUEL CARABAÑA,AND,"Paavo Nurmen Stadion, Turku (FIN)",3000m SC,2024-06-18,1148,AND,10 Nov 1999,3000m SC,44,1098.5831431790575
3:37.96,MARIUS PROBST,GER,"Eintracht-Stadion, Braunschweig (GER)",1500m,2024-06-30,1134,GER,20 Aug 1995,1500m,32,1098.28646407781
13:20.99,COLE HOCKER,USA,"Hayward Field, Eugene, OR (USA)",5000m,2024-06-30,1134,USA,06 Jun 2001,1500m,32,1098.28646407781
27:52.40,NICO YOUNG,USA,"Hayward Field, Eugene, OR (USA)",10000m,2024-06-21,1144,USA,27 Jul 2002,10000m,41,1098.044524660282
27:27.11,FELIX BOUR,FRA,"Parliament Hill Fields Athletics Track, London (GBR)",10000m,2024-05-18,1183,FRA,25 Mar 1994,Marathon,75,1097.520544326678
3:37.78,MACIEJ WYDERKA,POL,"Zdzisław Krzyszkowiak Stadium, Bydgoszcz (POL)",1500m,2024-06-27,1136,POL,29 Jul 2002,1500m,35,1096.9277528685955
2:06:46,EMILE CAIRESS,GBR,London (GBR),Marathon,2024-04-21,1214,GBR,27 Dec 1997,Marathon,102,1096.2778757260164
13:20.81,THIERRY NDIKUMWENAYO,ESP,"Estadi Olímpic Camilo Cano, La Nucia (ESP)",5000m,2024-06-28,1134,ESP,26 Mar 1997,"10000m, 5000m",34,1096.0920862589326
1:47.41,ABRAHAM GUEM,SSD,"Athletics Stadium, Setagaya, Tokyo (JPN)",800m,2024-07-27,1101,SSD,29 Apr 1999,800m,5,1095.5087395911432
1:46.11,GEORGE MILLS,GBR,"LAZ Wien, Wien (AUT)",800m,2024-06-22,1140,GBR,12 May 1999,"1500m, 5000m",40,1095.2999606336484
1:45.35,JAKE WIGHTMAN,GBR,"Olympiastadion, Stockholm (SWE)",800m,2024-06-02,1163,GBR,11 Jul 1994,800m,60,1095.2721525584814
3:37.37,OSSAMA MESLEK,ITA,"Zdzisław Krzyszkowiak Stadium, Bydgoszcz (POL)",1500m,2024-06-20,1142,ITA,08 Jan 1997,1500m,42,1095.0292894137774
1:45.63,COLE HOCKER,USA,"Lincoln HS, Portland, OR (USA)",800m,2024-06-09,1154,USA,06 Jun 2001,1500m,53,1094.4305344045722
3:38.29,GEORGE MILLS,GBR,"Manchester Regional Arena, Manchester (GBR)",1500m,2024-06-30,1130,GBR,12 May 1999,"1500m, 5000m",32,1094.4124377494934
12:58.96,LAMECHA GIRMA,ETH,"Egret Stadium, Xiamen (CHN)",5000m,2024-04-20,1213,ETH,26 Nov 2000,3000m SC,103,1094.2800188330796
13:19.90,MERHAWI MEBRAHTU,ERI,"LAZ Wien, Wien (AUT)",5000m,2024-06-22,1138,ERI,21 Sep 2003,10000m,40,1093.3783817553438
2:07:05,MAHAMED MAHAMED,GBR,London (GBR),Marathon,2024-04-21,1209,GBR,18 Sep 1997,Marathon,102,1091.762727967672
3:38.51,IGNACIO FONTES,ESP,"Estadi Olímpic Camilo Cano, La Nucia (ESP)",1500m,2024-06-30,1127,ESP,22 Jun 1998,1500m,32,1091.5069180032558
13:20.61,JAMAL ABDELMAJI EISA MOHAMMED,ART,"LAZ Wien, Wien (AUT)",5000m,2024-06-22,1135,EOR,25 Aug 1993,10000m,40,1090.4960134378869
27:20.94,TOMOKI OTA,JPN,"Prefectural Shizuoka Stadium, Fukuroi (JPN)",10000m,2024-05-03,1193,JPN,17 Oct 1997,10000m,90,1090.3199040285751
1:45.11,ISAAC NADER,POR,"Stade Delort, Marseille (FRA)",800m,2024-05-22,1170,POR,17 Aug 1999,1500m,71,1089.8104137892828
13:00.47,BIRHANU BALEW,BRN,"Egret Stadium, Xiamen (CHN)",5000m,2024-04-20,1208,BRN,27 Feb 1996,"10000m, 5000m",103,1089.769383965672
8:29.24,TOMÁŠ HABARTA,CZE,"Stadion Mládeže, Zlín (CZE)",3000m SC,2024-06-29,1125,CZE,10 Jul 2003,3000m SC,33,1088.480879537661
8:27.86,BEN BUCKINGHAM,AUS,"LAZ Wien, Wien (AUT)",3000m SC,2024-06-22,1132,AUS,08 Nov 1991,3000m SC,40,1087.6136451204297
27:34.14,JUN KASAI,JPN,"Parliament Hill Fields Athletics Track, London (GBR)",10000m,2024-05-18,1172,JPN,24 Oct 2000,10000m,75,1087.315365977064
1:46.41,JOSEPH DENG,AUS,"LAZ Wien, Wien (AUT)",800m,2024-06-22,1131,AUS,07 Jul 1998,800m,40,1086.6528556812775
1:46.40,ALI IDOW HASSAN,SOM,"Stade Omnisport de JAPOMA, Douala (CMR)",800m,2024-06-22,1131,SOM,01 Jul 1998,800m,40,1086.6528556812775
1:45.87,PIETER SISK,BEL,"Stadio Olimpico, Roma (ITA)",800m,2024-06-07,1147,BEL,08 Dec 1999,800m,55,1085.618464702646
2:07:30,HASSAN CHAHDI,FRA,London (GBR),Marathon,2024-04-21,1202,FRA,07 May 1989,Marathon,102,1085.44152110599
1:01:03,YEMANEBERHAN CRIPPA,ITA,"Stadio Olimpico, Roma (ITA)",Half Marathon,2024-06-09,1144,ITA,15 Oct 1996,Marathon,53,1084.946734279749
8:28.73,EVAN JAGER,USA,"Hayward Field, Eugene, OR (USA)",3000m SC,2024-06-23,1128,USA,08 Mar 1989,3000m SC,39,1084.8547999171017
28:00.90,CONNER MANTZ,USA,"Hayward Field, Eugene, OR (USA)",10000m,2024-06-21,1130,USA,08 Dec 1996,Marathon,41,1084.6069168410127
13:24.52,ADEL MECHAAL,ESP,"Estadi Olímpic Camilo Cano, La Nucia (ESP)",5000m,2024-06-28,1121,ESP,05 Dec 1990,"1500m, 5000m",34,1083.526656698645
1:01:07,AMANAL PETROS,GER,"Stadio Olimpico, Roma (ITA)",Half Marathon,2024-06-09,1142,GER,17 May 1995,Marathon,53,1083.0499742547845
1:01:10,MARU TEFERI,ISR,"Stadio Olimpico, Roma (ITA)",Half Marathon,2024-06-09,1140,ISR,17 Aug 1992,Marathon,53,1081.15321422982
8:20.49,AHMED JAZIRI,TUN,"Le Grand Stade, Marrakech (MAR)",3000m SC,2024-05-19,1164,TUN,16 Dec 1997,3000m SC,74,1080.9738516312584
3:39.09,FILIP RAK,POL,"Zdzisław Krzyszkowiak Stadium, Bydgoszcz (POL)",1500m,2024-06-27,1119,POL,03 Feb 2003,1500m,35,1080.5124607922169
3:34.56,NICO YOUNG,USA,"Jack Kemp Stadium, Los Angeles, CA (USA)",1500m,2024-05-04,1181,USA,27 Jul 2002,10000m,89,1080.4326223914277
1:46.38,JOCHEM VERMEULEN,BEL,"Stadion De Veen, Heusden-Zolder (BEL)",800m,2024-06-15,1132,BEL,02 Aug 1998,1500m,47,1080.0269340723
13:31.61,RYUJI MIURA,JPN,"Athletics Stadium, Fukagawa (JPN)",5000m,2024-07-17,1096,JPN,11 Feb 2002,3000m SC,15,1079.6826858049567
1:46.69,TUMO NKAPE,BOT,"Stade Omnisport de JAPOMA, Douala (CMR)",800m,2024-06-23,1122,BOT,24 Apr 1998,800m,39,1079.0842956622234
1:46.12,MATEUSZ BORKOWSKI,POL,"Stadio Olimpico, Roma (ITA)",800m,2024-06-07,1140,POL,02 Apr 1997,800m,55,1078.9930686669716
3:35.22,ANDREAS ALMGREN,SWE,"Suhaim bin Hamad Stadium, Doha (QAT)",1500m,2024-05-10,1172,SWE,12 Jun 1995,5000m,83,1078.6515445419861
3:37.72,MATTHEW WILKINSON,USA,"Lincoln HS, Portland, OR (USA)",1500m,2024-06-09,1137,USA,27 Dec 1998,3000m SC,53,1078.308074192373
3:36.57,PIETER SISK,BEL,"Boudewijnstadion, Bruxelles (BEL)",1500m,2024-05-26,1153,BEL,08 Dec 1999,800m,67,1078.2800671413033
3:36.50,JIMMY GRESSIER,FRA,"Stade Raymond Petit, Tomblaine (FRA)",1500m,2024-05-25,1154,FRA,04 May 1997,"10000m, 5000m",68,1078.1365865081045
2:03:27,DERESA GELETA,ETH,Sevilla (ESP),Marathon,2024-02-18,1271,ETH,14 Jan 1996,Marathon,165,1077.672897895741
26:53.01,MOHAMMED AHMED,CAN,"JSerra Catholic HS, San Juan Capistrano, CA (USA)",10000m,2024-03-16,1237,CAN,05 Jan 1991,"10000m, 5000m",138,1077.5490816895526
1:45.67,FILIP RAK,POL,"Stade Raymond Petit, Tomblaine (FRA)",800m,2024-05-25,1153,POL,03 Feb 2003,1500m,68,1077.2023260345272
2:05:01,TADESSE ABRAHAM,SUI,Barcelona (ESP),Marathon,2024-03-10,1244,SUI,12 Aug 1982,Marathon,144,1077.164358585651
3:36.32,MIKE FOPPEN,NED,"Stade Delort, Marseille (FRA)",1500m,2024-05-22,1156,NED,29 Nov 1996,5000m,71,1076.7699472994964
3:39.28,ABRAHAM GUEM,SSD,"Stade Omnisport de JAPOMA, Douala (CMR)",1500m,2024-06-26,1116,SSD,29 Apr 1999,800m,36,1076.5385675271655
1:01:17,SAMUEL FITWI SIBHATU,GER,"Stadio Olimpico, Roma (ITA)",Half Marathon,2024-06-09,1135,GER,01 Jan 1996,Marathon,53,1076.4113141674084
1:45.69,RUBEN VERHEYDEN,BEL,"Boudewijnstadion, Bruxelles (BEL)",800m,2024-05-25,1152,BEL,22 Dec 2000,1500m,68,1076.26806556095
3:53.82,LAMECHA GIRMA,ETH,"Hayward Field, Eugene, OR (USA)",Mile,2024-05-25,1152,ETH,26 Nov 2000,3000m SC,68,1076.26806556095
3:35.50,DOMINIC LOKINYOMO LOBALU,SUI,"Carl-Kaufmann-Stadion, Karlsruhe (GER)",1500m,2024-05-11,1168,EOR,16 Aug 1998,5000m,82,1076.0456477573352
28:00.48,YANN SCHRUB,FRA,"Stadio Olimpico, Roma (ITA)",10000m,2024-06-12,1131,FRA,20 Mar 1996,"10000m, 5000m",50,1075.8404791103076
28:00.32,DOMINIC LOKINYOMO LOBALU,SUI,"Stadio Olimpico, Roma (ITA)",10000m,2024-06-12,1131,EOR,16 Aug 1998,5000m,50,1075.8404791103076
27:47.72,RONALD KWEMOI,KEN,"Hayward Field, Eugene, OR (USA)",10000m,2024-05-25,1151,KEN,19 Sep 1995,5000m,68,1075.3338050873729
1:45.65,TIMOTHY CHERUIYOT,KEN,"Nyayo National Stadium, Nairobi (KEN)",800m,2024-05-22,1154,KEN,20 Nov 1995,1500m,71,1074.9070235152412
28:00.96,THIERRY NDIKUMWENAYO,ESP,"Stadio Olimpico, Roma (ITA)",10000m,2024-06-12,1130,ESP,26 Mar 1997,"10000m, 5000m",50,1074.8892496858068
28:01.16,ANDREAS ALMGREN,SWE,"Stadio Olimpico, Roma (ITA)",10000m,2024-06-12,1130,SWE,12 Jun 1995,5000m,50,1074.8892496858068
28:01.42,JIMMY GRESSIER,FRA,"Stadio Olimpico, Roma (ITA)",10000m,2024-06-12,1130,FRA,04 May 1997,"10000m, 5000m",50,1074.8892496858068
27:42.94,CÉLESTIN NDIKUMANA,BDI,"Parliament Hill Fields Athletics Track, London (GBR)",10000m,2024-05-18,1158,BDI,22 Feb 2002,10000m,75,1074.326957168464
13:25.41,JONAS RAESS,SUI,"LAZ Wien, Wien (AUT)",5000m,2024-06-22,1118,SUI,08 Mar 1994,5000m,40,1074.1625929722973
26:55.54,ADRIAAN WILDSCHUTT,RSA,"JSerra Catholic HS, San Juan Capistrano, CA (USA)",10000m,2024-03-16,1233,RSA,03 May 1998,10000m,138,1074.0646869225693
2:03:47,MORHAD AMDOUNI,FRA,Sevilla (ESP),Marathon,2024-02-18,1266,FRA,21 Jun 1988,Marathon,165,1073.4334293753016
13:21.61,DOMINIC LOKINYOMO LOBALU,SUI,"Stadio Olimpico, Roma (ITA)",5000m,2024-06-08,1132,EOR,16 Aug 1998,5000m,54,1072.4931445600357
13:21.38,GEORGE MILLS,GBR,"Stadio Olimpico, Roma (ITA)",5000m,2024-06-08,1132,GBR,12 May 1999,"1500m, 5000m",54,1072.4931445600357
3:38.63,ABEL KIPSANG,KEN,"Nyayo National Stadium, Nairobi (KEN)",1500m,2024-06-14,1125,KEN,22 Nov 1996,1500m,48,1072.2755104621929
3:37.25,ELZAN BIBIĆ,SRB,"Mestský Stadion, Ostrava (CZE)",1500m,2024-05-28,1144,SRB,08 Jan 1999,5000m,65,1072.0051781037496
1:44.60,ABUBAKER HAYDAR ABDALLA,QAT,"Polideportivo Rey Juan Carlos, Ciudad Real (ESP)",800m,2024-04-21,1186,QAT,28 Aug 1996,800m,102,1070.993048279288
1:46.39,TOBIAS GRØNSTAD,NOR,"Stadio Olimpico, Roma (ITA)",800m,2024-06-07,1131,NOR,06 Jul 2002,800m,55,1070.4747023353902
2:08:58,ANDREW BUCHANAN,AUS,Hamburg (GER),Marathon,2024-04-28,1177,AUS,10 Apr 1991,Marathon,95,1070.3319438691083
28:04.43,PATRICK DEVER,GBR,"Stadio Olimpico, Roma (ITA)",10000m,2024-06-12,1125,GBR,05 Sep 1996,5000m,50,1070.1331025633033
1:01:28,GASHAU AYALE,ISR,"Stadio Olimpico, Roma (ITA)",Half Marathon,2024-06-09,1128,ISR,22 Aug 1996,Marathon,53,1069.7726540800325
3:38.49,ABDIHAMID NUR,USA,"Icahn Stadium, New York, NY (USA)",1500m,2024-06-09,1127,USA,14 Oct 1997,5000m,53,1068.82427406755
1:01:29,EYOB FANIEL,ITA,"Stadio Olimpico, Roma (ITA)",Half Marathon,2024-06-09,1127,ITA,26 Nov 1992,Marathon,53,1068.82427406755
1:01:31,GIRMAW AMARE,ISR,"Stadio Olimpico, Roma (ITA)",Half Marathon,2024-06-09,1126,ISR,26 Oct 1987,Marathon,53,1067.8758940550679
2:07:44,MATTHIAS KYBURZ,SUI,Paris (FRA),Marathon,2024-04-07,1198,SUI,05 Mar 1990,Marathon,116,1066.7893175103723
1:47.36,DENNICK LUKE,DMA,"National Stadium, Kingston (JAM)",800m,2024-06-28,1103,DMA,28 Jan 2001,800m,34,1066.1283696151697
13:29.42,BENJAMIN FLANAGAN,CAN,"Complexe Sportif Claude-Robillard, Montréal (CAN)",5000m,2024-06-27,1104,CAN,11 Jan 1995,5000m,35,1066.0283795483533
27:48.62,SAMUEL BARATA,POR,"Parliament Hill Fields Athletics Track, London (GBR)",10000m,2024-05-18,1149,POR,19 Jul 1993,Marathon,75,1065.9772657915073
2:07:52,ANDREW ROTICH KWEMOI,UGA,Milano (ITA),Marathon,2024-04-07,1196,UGA,01 Sep 2000,Marathon,116,1065.0083670637773
1:46.62,NIELS LAROS,NED,"Stadio Olimpico, Roma (ITA)",800m,2024-06-07,1125,NED,17 Apr 2005,1500m,55,1064.7957914476692
3:35.84,YANN SCHRUB,FRA,"Stade Raymond Troussier, Decines (FRA)",1500m,2024-05-04,1163,FRA,20 Mar 1996,"10000m, 5000m",89,1063.9654020670876
3:39.90,JEAN-SIMON DESGAGNÉS,CAN,"Piste Ben Leduc, Montréal (CAN)",1500m,2024-06-21,1108,CAN,26 Jul 1998,3000m SC,41,1063.4906759821613
2:06:57,JIE HE,CHN,Wuxi (CHN),Marathon,2024-03-24,1211,CHN,27 Dec 1998,Marathon,130,1063.3735668447998
2:09:57,KIBROM WELDEMICAEL,ERI,Genève (SUI),Marathon,2024-05-05,1161,ERI,01 Feb 1987,Marathon,88,1063.198377875781
3:36.53,MOHAMED ATTAOUI,ESP,"Carl-Kaufmann-Stadion, Karlsruhe (GER)",1500m,2024-05-11,1154,ESP,26 Sep 2001,800m,82,1063.1478403355864
1:02:25,ANDREW BUCHANAN,AUS,Gold Coast (AUS),Half Marathon,2024-07-06,1091,AUS,10 Apr 1991,Marathon,26,1062.9995827631456
13:31.40,WILLIAM KINCAID,USA,"Hayward Field, Eugene, OR (USA)",5000m,2024-06-30,1097,USA,21 Sep 1992,10000m,32,1062.4517205408797
1:47.51,ELLIOT GILES,GBR,"Manchester Regional Arena, Manchester (GBR)",800m,2024-06-29,1098,GBR,26 May 1994,"1500m, 800m",33,1062.3573384287572
2:09:32,ELROY GELANT,RSA,Durban (RSA),Marathon,2024-04-28,1168,RSA,25 Aug 1986,Marathon,95,1062.1475874588943
13:24.54,ELZAN BIBIĆ,SRB,"Stadio Olimpico, Roma (ITA)",5000m,2024-06-08,1121,SRB,08 Jan 1999,5000m,54,1062.0713913885158
1:02:17,CARLOS DÍAZ,CHI,Hamburg (GER),Half Marathon,2024-06-30,1096,CHI,09 Jul 1993,Marathon,32,1061.4832139588007
13:27.20,RONALD KWEMOI,KEN,"Nyayo National Stadium, Nairobi (KEN)",5000m,2024-06-15,1112,KEN,19 Sep 1995,5000m,47,1060.9451861204927
28:10.97,ABDESSAMAD OUKHELFEN,ESP,"Stadio Olimpico, Roma (ITA)",10000m,2024-06-12,1115,ESP,18 Dec 1998,10000m,50,1060.6208083182962
13:27.54,JACOB KROP,KEN,"Nyayo National Stadium, Nairobi (KEN)",5000m,2024-06-15,1111,KEN,04 Jun 2001,5000m,47,1059.9910987229023
13:27.75,EDWIN KURGAT,KEN,"Nyayo National Stadium, Nairobi (KEN)",5000m,2024-06-15,1110,KEN,19 May 1996,5000m,47,1059.0370113253118
8:32.73,BILAL TABTI,ALG,"Parc des Sports C. Ehrmann, Nice (FRA)",3000m SC,2024-06-15,1110,ALG,07 Jun 1993,3000m SC,47,1059.0370113253118
2:08:18,KAAN KIGEN ÖZBILEN,TUR,Daegu (KOR),Marathon,2024-04-07,1189,TUR,15 Jan 1986,Marathon,116,1058.775040500695
3:36.87,ADRIÁN BEN,ESP,"Carl-Kaufmann-Stadion, Karlsruhe (GER)",1500m,2024-05-11,1149,ESP,04 Aug 1998,800m,82,1058.5414805421046
3:38.19,JOHN HEYMANS,BEL,"Boudewijnstadion, Bruxelles (BEL)",1500m,2024-05-26,1131,BEL,09 Jan 1998,5000m,67,1057.7057727118943
2:09:22,HENOK TESFAY,ERI,London (GBR),Marathon,2024-04-21,1171,ERI,22 Nov 2000,Marathon,102,1057.4476050042547
3:39.38,BENJAMIN FLANAGAN,CAN,"Icahn Stadium, New York, NY (USA)",1500m,2024-06-09,1115,CAN,11 Jan 1995,5000m,53,1057.4437139177626
27:43.84,AKIRA AKASAKI,JPN,"Prefectural Shizuoka Stadium, Fukuroi (JPN)",10000m,2024-05-03,1157,JPN,21 Jan 1998,Marathon,90,1057.418381358811
13:25.99,JOHN HEYMANS,BEL,"Stadio Olimpico, Roma (ITA)",5000m,2024-06-08,1116,BEL,09 Jan 1998,5000m,54,1057.334230856007
2:04:53,GASHAU AYALE,ISR,Sevilla (ESP),Marathon,2024-02-18,1247,ISR,22 Aug 1996,Marathon,165,1057.323448997631
2:09:52,STEPHEN MOKOKA,RSA,Durban (RSA),Marathon,2024-04-28,1162,RSA,31 Jan 1985,Marathon,95,1056.6913498520848
3:36.41,DJILALI BEDRANI,FRA,"Stade Raymond Troussier, Decines (FRA)",1500m,2024-05-04,1155,FRA,01 Oct 1993,3000m SC,89,1056.646637478492
2:07:26,SHAOHUI YANG,CHN,Wuxi (CHN),Marathon,2024-03-24,1203,CHN,09 Jul 1992,Marathon,130,1056.3488033974352
1:00:38,CAMERON LEVINS,CAN,Istanbul (TUR),Half Marathon,2024-04-28,1161,CAN,28 Mar 1989,Marathon,95,1055.7819769176167
3:38.23,TSHEPO TSHITE,RSA,"Stade Raymond Petit, Tomblaine (FRA)",1500m,2024-05-25,1130,RSA,15 Jan 1997,1500m,68,1055.7143351422512
58:45,DANIEL MATEIKO,KEN,Ras Al Khaimah (UAE),Half Marathon,2024-02-24,1237,KEN,04 Aug 1998,10000m,159,1055.1564960448156
3:38.48,LAMECHA GIRMA,ETH,"Hayward Field, Eugene, OR (USA)",1500m,2024-05-25,1127,ETH,26 Nov 2000,3000m SC,68,1052.9115537215196
1:46.06,ANASS ESSAYI,MAR,"Percy Beard Track, Gainesville, FL (USA)",800m,2024-05-11,1141,MAR,18 May 2001,1500m,82,1051.171304872534
28:17.79,JONAS RAESS,SUI,"Stadio Olimpico, Roma (ITA)",10000m,2024-06-12,1105,SUI,08 Mar 1994,5000m,50,1051.108514073289
28:17.84,ISAAC KIMELI,BEL,"Stadio Olimpico, Roma (ITA)",10000m,2024-06-12,1104,BEL,09 Mar 1994,"10000m, 5000m",50,1050.1572846487882
1:46.15,MARIUS PROBST,GER,"Carl-Kaufmann-Stadion, Karlsruhe (GER)",800m,2024-05-11,1139,GER,20 Aug 1995,1500m,82,1049.3287609551412
2:06:27,HAIMRO ALAME,ISR,Tokyo (JPN),Marathon,2024-03-03,1220,ISR,08 Jun 1990,Marathon,151,1049.0141923642307
28:16.00,SUGURU OSAKO,JPN,"Mt. Hood Community College, Gresham, OR (USA)",10000m,2024-06-08,1107,JPN,23 May 1991,Marathon,54,1048.8073418974907
3:40.11,BRANDON MILLER,USA,"Lincoln HS, Portland, OR (USA)",1500m,2024-06-09,1105,USA,30 Jan 2002,800m,53,1047.9599137929395
1:02:03,SONDRE NORDSTAD MOEN,NOR,"Stadio Olimpico, Roma (ITA)",Half Marathon,2024-06-09,1105,NOR,12 Jan 1991,Marathon,53,1047.9599137929395
3:39.16,TOMÁŠ HABARTA,CZE,"Mestský Stadion, Ostrava (CZE)",1500m,2024-05-28,1118,CZE,10 Jul 2003,3000m SC,65,1047.641424055937
13:18.19,BENARD KIBET,KEN,"Nishishina Athletic Stadium, Nobeoka (JPN)",5000m,2024-05-04,1144,KEN,25 Nov 1999,10000m,89,1046.583336169173
13:20.37,AVINASH MUKUND SABLE,IND,"Jack Kemp Stadium, Los Angeles, CA (USA)",5000m,2024-05-11,1136,IND,13 Sep 1994,3000m SC,82,1046.5649450790522
13:29.48,BRIAN FAY,IRL,"Stadio Olimpico, Roma (ITA)",5000m,2024-06-08,1104,IRL,09 Nov 1998,5000m,54,1045.9650455779854
28:03.44,ZEREI KBROM MEZNGI,NOR,"Parliament Hill Fields Athletics Track, London (GBR)",10000m,2024-05-18,1127,NOR,12 Jan 1986,Marathon,75,1045.566909092279
3:38.57,JACK ROWE,GBR,"Stadion Śląski, Chorzów (POL)",1500m,2024-05-18,1126,GBR,30 Jan 1996,5000m,75,1044.6391656059504
27:17.28,ABDIHAMID NUR,USA,"JSerra Catholic HS, San Juan Capistrano, CA (USA)",10000m,2024-03-16,1199,USA,14 Oct 1997,5000m,138,1044.4473314032123
1:02:09,SULDAN HASSAN,SWE,"Stadio Olimpico, Roma (ITA)",Half Marathon,2024-06-09,1101,SWE,01 Apr 1998,Marathon,53,1044.1663937430103
13:23.81,TOMOKI OTA,JPN,"National Stadium, Tokyo (JPN)",5000m,2024-05-19,1124,JPN,17 Oct 1997,10000m,74,1043.8269838776068
2:06:50,ELIUD KIPCHOGE,KEN,Tokyo (JPN),Marathon,2024-03-03,1213,KEN,05 Nov 1984,Marathon,151,1042.9952584736163
1:45.57,ABEL KIPSANG,KEN,"Nyayo National Stadium, Nairobi (KEN)",800m,2024-04-20,1156,KEN,22 Nov 1996,1500m,103,1042.8587813446331
2:06:22,STEPHEN KISSA,UGA,Osaka (JPN),Marathon,2024-02-25,1221,UGA,01 Dec 1988,Marathon,158,1042.5505837835162
8:37.58,TOPI RAITANEN,FIN,"Paavo Nurmen Stadion, Turku (FIN)",3000m SC,2024-06-18,1089,FIN,07 Feb 1996,3000m SC,44,1042.1228596881479
3:38.20,LUIS GRIJALVA,GUA,"Jack Kemp Stadium, Los Angeles, CA (USA)",1500m,2024-05-11,1131,GUA,10 Apr 1999,5000m,82,1041.9585852855703
2:06:33,NAOKI KOYAMA,JPN,Osaka (JPN),Marathon,2024-02-25,1218,JPN,12 May 1996,Marathon,158,1039.9890344376108
2:06:06,YEMANEBERHAN CRIPPA,ITA,Sevilla (ESP),Marathon,2024-02-18,1226,ITA,15 Oct 1996,Marathon,165,1039.5176812117847
27:20.93,BENJAMIN FLANAGAN,CAN,"JSerra Catholic HS, San Juan Capistrano, CA (USA)",10000m,2024-03-16,1193,CAN,11 Jan 1995,5000m,138,1039.2207392527375
13:31.77,JACK ROWE,GBR,"Stadio Olimpico, Roma (ITA)",5000m,2024-06-08,1096,GBR,30 Jan 1996,5000m,54,1038.385588725971
1:02:23,FELIX BOUR,FRA,"Stadio Olimpico, Roma (ITA)",Half Marathon,2024-06-09,1092,FRA,25 Mar 1994,Marathon,53,1035.6309736306696
2:10:53,MOHCIN OUTALHA,MAR,Rabat (MAR),Marathon,2024-04-21,1146,MAR,15 Dec 1998,Marathon,102,1034.8718662125327
13:21.87,ABDESSAMAD OUKHELFEN,ESP,"Stade Raymond Troussier, Decines (FRA)",5000m,2024-05-04,1131,ESP,18 Dec 1998,10000m,89,1034.6903437127053
13:32.77,MIKE FOPPEN,NED,"Stadio Olimpico, Roma (ITA)",5000m,2024-06-08,1092,NED,29 Nov 1996,5000m,54,1034.5958602999638
27:26.02,LUIS GRIJALVA,GUA,"JSerra Catholic HS, San Juan Capistrano, CA (USA)",10000m,2024-03-16,1185,GUA,10 Apr 1999,5000m,138,1032.2519497187711
2:07:44,VICTOR KIPLANGAT,UGA,Tokyo (JPN),Marathon,2024-03-03,1198,UGA,10 Nov 1999,Marathon,151,1030.0975429937282
3:56.15,OSSAMA MESLEK,ITA,"Oxford University Track, Oxford (GBR)",Mile,2024-05-06,1122,ITA,08 Jan 1997,1500m,87,1028.511701300397
1:46.75,CATHAL DOYLE,IRL,"Morton Stadium, Dublin (IRL)",800m,2024-05-04,1121,IRL,12 Nov 1997,1500m,89,1025.5418879769607
2:09:42,IL RYONG HAN,PRK,Wuxi (CHN),Marathon,2024-03-24,1165,PRK,29 Apr 2000,Marathon,130,1022.981177022454
1:46.59,ERMIAS GIRMA,ETH,"Suzhou Olympic Sports Centre, Suzhou (CHN)",800m,2024-04-27,1125,ETH,20 Jan 2005,1500m,96,1022.0220180772944
59:42,BENARD KIBET,KEN,Ras Al Khaimah (UAE),Half Marathon,2024-02-24,1198,KEN,25 Nov 1999,10000m,159,1021.8896380450195
3:39.22,NICOLAS-MARIE DARU,FRA,"Stade Raymond Troussier, Decines (FRA)",1500m,2024-05-04,1117,FRA,21 Oct 1988,3000m SC,89,1021.8825056826628
59:46,TAMIRAT TOLA,ETH,Ras Al Khaimah (UAE),Half Marathon,2024-02-24,1196,ETH,11 Aug 1991,Marathon,159,1020.1836453270813
59:23,ANDREAS ALMGREN,SWE,Barcelona (ESP),Half Marathon,2024-02-11,1211,SWE,12 Jun 1995,5000m,172,1019.6367787070534
27:54.66,CHARLES PHILIBERT-THIBOUTOT,CAN,"Cougar Athletic Stadium, Azusa, CA (USA)",10000m,2024-04-11,1140,CAN,31 Dec 1990,1500m,112,1019.2104535504072
3:40.09,ALEXIS MIELLET,FRA,"Stade Jacques Forestier, Aix-les-Bains (FRA)",1500m,2024-05-12,1105,FRA,05 May 1995,3000m SC,81,1019.0240290462918
2:08:04,XIANGDONG WU,CHN,Osaka (JPN),Marathon,2024-02-25,1192,CHN,17 Jan 1994,Marathon,158,1017.7889401064302
2:07:36,SULDAN HASSAN,SWE,Sevilla (ESP),Marathon,2024-02-18,1200,SWE,01 Apr 1998,Marathon,165,1017.4724449054991
2:08:09,TEBELLO RAMAKONGOANA,LES,Osaka (JPN),Marathon,2024-02-25,1191,LES,13 Oct 1996,Marathon,158,1016.9350903244617
2:07:48,IBRAHIM CHAKIR,ESP,Sevilla (ESP),Marathon,2024-02-18,1197,ESP,04 Sep 1994,Marathon,165,1014.9287637932352
2:07:49,DANIELE MEUCCI,ITA,Sevilla (ESP),Marathon,2024-02-18,1197,ITA,07 Oct 1985,Marathon,165,1014.9287637932352
1:00:21,ABDI NAGEEYE,NED,Den Haag (NED),Half Marathon,2024-03-10,1172,NED,02 Mar 1989,Marathon,144,1014.8204407253883
1:00:01,EMILE CAIRESS,GBR,Napoli (ITA),Half Marathon,2024-02-25,1186,GBR,27 Dec 1997,Marathon,158,1012.6658414146193
2:08:01,RORY LINKLETTER,CAN,Sevilla (ESP),Marathon,2024-02-18,1193,CAN,12 Aug 1996,Marathon,165,1011.5371889768836
2:08:04,CARLOS DÍAZ,CHI,Sevilla (ESP),Marathon,2024-02-18,1192,CHI,09 Jul 1993,Marathon,165,1010.6892952727957
2:08:04,PHILIP SESEMANN,GBR,Sevilla (ESP),Marathon,2024-02-18,1192,GBR,03 Oct 1992,Marathon,165,1010.6892952727957
1:00:41,ZOUHAIR TALBI,MAR,"New York, NY (USA)",Half Marathon,2024-03-17,1159,MAR,08 Apr 1995,Marathon,137,1010.6134920871148
1:01:55,TIMOTHY KIPLAGAT,KEN,Gifu (JPN),Half Marathon,2024-04-28,1110,KEN,18 Sep 1993,Marathon,95,1009.4039572597369
3:40.20,ALI IDOW HASSAN,SOM,"Dubai Police Club Stadium, Dubai (UAE)",1500m,2024-05-03,1104,SOM,01 Jul 1998,800m,90,1008.9800285394359
27:43.45,BRIAN FAY,IRL,"JSerra Catholic HS, San Juan Capistrano, CA (USA)",10000m,2024-03-16,1157,IRL,09 Nov 1998,5000m,138,1007.8611863498887
3:38.63,JOSH HOEY,USA,"Percy Beard Track, Gainesville, FL (USA)",1500m,2024-04-12,1125,USA,01 Nov 1999,800m,111,1006.8060925451599
1:47.18,MARIO GARCÍA,ESP,"Franklin Field, Philadelphia, PA (USA)",800m,2024-04-27,1108,ESP,29 Jun 1999,1500m,96,1006.5781298041264
13:29.47,DANIEL ARCE,ESP,"Estadio Iberoamericano, Huelva (ESP)",5000m,2024-04-30,1104,ESP,22 Apr 1992,3000m SC,93,1005.9576243269391
2:08:26,DARIO IVANOVSKI,MKD,Sevilla (ESP),Marathon,2024-02-18,1186,MKD,15 May 1997,Marathon,165,1005.6019330482682
59:37,ALEXANDER MUNYAO,KEN,Marugame (JPN),Half Marathon,2024-02-04,1202,KEN,10 Sep 1996,Marathon,179,1004.9992910752367
1:47.19,FEDERICO RIVA,ITA,"Stadio Olindo Galli, Tivoli (ITA)",800m,2024-04-25,1108,ITA,09 Nov 2000,1500m,98,1004.5669853593444
1:00:42,IBRAHIM HASSAN,DJI,"Atletiekstadium Gentbrugge, Gentbrugge (BEL)",Half Marathon,2024-03-10,1158,DJI,01 Jan 1997,Marathon,144,1002.6980122525594
2:10:19,BERHANE TESFAY,ERI,Barcelona (ESP),Marathon,2024-03-10,1155,ERI,09 Jan 1987,Marathon,144,1000.1003490083817
2:12:47,LEONARD KORIR,USA,Rotterdam (NED),Marathon,2024-04-14,1115,USA,10 Dec 1986,Marathon,109,999.8544155105325
1:00:28,ALPHONCE FELIX SIMBU,TAN,Ras Al Khaimah (UAE),Half Marathon,2024-02-24,1168,TAN,14 Feb 1992,Marathon,159,996.2997472759456
2:09:07,TACHLOWINI GABRIYESOS,ART,Sevilla (ESP),Marathon,2024-02-18,1175,EOR,01 Jan 1998,Marathon,165,996.2751023033012
2:13:31,ALPHONCE FELIX SIMBU,TAN,Wien (AUT),Marathon,2024-04-21,1103,TAN,14 Feb 1992,Marathon,102,996.0415954907711
2:06:39,ZOUHAIR TALBI,MAR,"Houston, TX (USA)",Marathon,2024-01-14,1216,MAR,08 Apr 1995,Marathon,200,995.5765957428259
2:09:19,MICHAEL SOMERS,BEL,Sevilla (ESP),Marathon,2024-02-18,1172,BEL,02 Mar 1995,Marathon,165,993.7314211910374
3:39.78,RYUJI MIURA,JPN,"Egao Kenko Stadium, Kumamoto (JPN)",1500m,2024-04-13,1109,JPN,11 Feb 2002,3000m SC,110,993.4800560438498
27:54.55,JACK ROWE,GBR,"JSerra Catholic HS, San Juan Capistrano, CA (USA)",10000m,2024-03-16,1140,GBR,30 Jan 1996,5000m,138,993.0525085902101
2:06:27,SAMUEL FITWI SIBHATU,GER,Dubai (UAE),Marathon,2024-01-07,1220,GER,01 Jan 1996,Marathon,207,991.8839729848366
2:10:10,SER-OD BAT-OCHIR,MGL,Osaka (JPN),Marathon,2024-02-25,1157,MGL,07 Oct 1981,Marathon,158,987.9041977375333
13:30.62,AKIRA AKASAKI,JPN,"Egao Kenko Stadium, Kumamoto (JPN)",5000m,2024-04-13,1100,JPN,21 Jan 1998,Marathon,110,985.417548826181
1:02:04,MOHCIN OUTALHA,MAR,Praha (CZE),Half Marathon,2024-04-06,1105,MAR,15 Dec 1998,Marathon,117,982.9916384455695
2:09:06,CLAYTON YOUNG,USA,"Orlando, FL (USA)",Marathon,2024-02-03,1175,USA,14 Sep 1993,Marathon,180,981.4424984082445
2:09:05,CONNER MANTZ,USA,"Orlando, FL (USA)",Marathon,2024-02-03,1175,USA,08 Dec 1996,Marathon,180,981.4424984082445
2:07:45,PATRICK TIERNAN,AUS,"Houston, TX (USA)",Marathon,2024-01-14,1198,AUS,11 Sep 1994,Marathon,200,980.8394421874223
3:53.16,SAMUEL TANNER,NZL,"Lakeside Stadium, Melbourne (AUS)",Mile,2024-02-15,1160,NZL,24 Aug 2000,1500m,168,980.6104482342041
2:07:18,OTHMANE EL GOUMRI,MAR,Xiamen (CHN),Marathon,2024-01-07,1205,MAR,28 May 1992,Marathon,207,979.6886782350231
13:33.38,JEAN-SIMON DESGAGNÉS,CAN,"Cougar Athletic Stadium, Azusa, CA (USA)",5000m,2024-04-12,1090,CAN,26 Jul 1998,3000m SC,111,975.4832363326439
1:01:34,KOEN NAERT,BEL,"Atletiekstadium Gentbrugge, Gentbrugge (BEL)",Half Marathon,2024-03-10,1124,BEL,03 Sep 1989,Marathon,144,973.2578288185464
1:46.14,SAMUEL TANNER,NZL,"Nga Puna Wai Sports Hub, Christchurch (NZL)",800m,2024-02-24,1139,NZL,24 Aug 2000,1500m,159,971.5628528658408
2:11:01,SAMUEL FREIRE,CPV,Sevilla (ESP),Marathon,2024-02-18,1143,CPV,28 Aug 1990,Marathon,165,969.1425037724879
2:10:02,ELKANAH KIBET,USA,"Orlando, FL (USA)",Marathon,2024-02-03,1160,USA,02 Jun 1983,Marathon,180,968.9134452370755
2:08:44,HUGO CATRILEO,CHI,"Houston, TX (USA)",Marathon,2024-01-14,1181,CHI,23 Jan 1997,Marathon,200,966.9210193850965
4:00.71,KIERAN LUMB,CAN,"Hayward Field, Eugene, OR (USA)",Mile,2024-04-20,1066,CAN,02 Aug 1998,1500m,103,961.6673537312965
1:02:25,MATTHIAS KYBURZ,SUI,Oberriet (SUI),Half Marathon,2024-03-17,1091,SUI,05 Mar 1990,Marathon,137,951.3195167101313
1:02:10,OTHMANE EL GOUMRI,MAR,Meishan (CHN),Half Marathon,2024-02-25,1101,MAR,28 May 1992,Marathon,158,940.0886099472983
1:01:02,RORY LINKLETTER,CAN,"Houston, TX (USA)",Half Marathon,2024-01-14,1145,CAN,12 Aug 1996,Marathon,200,937.4467122742892
13:30.67,JAMES CORRIGAN,USA,"Dempsey Indoor, Seattle, WA (USA)",5000m,2024-02-09,1100,USA,16 Apr 2002,3000m SC,174,924.3265874242745
1:47.11,CAMERON MYERS,AUS,"AIS Athletics Track, Canberra (AUS)",800m,2024-01-26,1110,AUS,09 Jun 2006,1500m,188,919.7623250282754
1:02:19,THOMAS FAFARD,CAN,"Houston, TX (USA)",Half Marathon,2024-01-14,1095,CAN,06 Dec 1998,5000m,200,896.5101746203901
